trade_date,tracked_mainline_count,danger_ratio,tc_ratio,diffusion_warning_ratio,low_diffusion_background_ratio,market_regime,p12c_noise_flag,p12c_tc_sparse_flag,p12c_meta_comment
2025-01-02,152,82.24,0.00,82.24,17.76,RANGE_CHOP_HIGH,YES,YES,danger_ratio=82.2% > 50.0%; tc_ratio=0.00% < 1.0%
2025-01-03,153,98.04,0.00,98.04,1.96,DEFENSIVE_SHIFT,YES,YES,danger_ratio=98.0% > 50.0%; tc_ratio=0.00% < 1.0%
2025-01-06,153,72.55,0.00,72.55,27.45,RANGE_CHOP_HIGH,YES,YES,danger_ratio=72.5% > 50.0%; tc_ratio=0.00% < 1.0%
2025-01-07,146,72.60,0.00,72.60,27.40,RANGE_CHOP_HIGH,YES,YES,danger_ratio=72.6% > 50.0%; tc_ratio=0.00% < 1.0%
2025-01-08,147,91.84,0.00,91.84,8.16,RANGE_CHOP_HIGH,YES,YES,danger_ratio=91.8% > 50.0%; tc_ratio=0.00% < 1.0%
2025-01-09,149,83.22,0.00,83.22,16.78,RANGE_CHOP_HIGH,YES,YES,danger_ratio=83.2% > 50.0%; tc_ratio=0.00% < 1.0%
2025-01-10,150,96.00,0.00,96.00,4.00,DEFENSIVE_SHIFT,YES,YES,danger_ratio=96.0% > 50.0%; tc_ratio=0.00% < 1.0%
2025-01-13,158,70.25,0.00,70.25,29.75,RANGE_CHOP_HIGH,YES,YES,danger_ratio=70.2% > 50.0%; tc_ratio=0.00% < 1.0%
2025-01-14,150,65.33,0.00,65.33,34.67,RANGE_CHOP_MID,YES,YES,danger_ratio=65.3% > 50.0%; tc_ratio=0.00% < 1.0%
2025-01-15,142,98.59,0.00,98.59,1.41,DEFENSIVE_SHIFT,YES,YES,danger_ratio=98.6% > 50.0%; tc_ratio=0.00% < 1.0%
2025-01-16,144,63.19,0.00,63.19,36.81,RANGE_CHOP_MID,YES,YES,danger_ratio=63.2% > 50.0%; tc_ratio=0.00% < 1.0%
2025-01-17,151,86.75,0.00,86.75,13.25,RANGE_CHOP_HIGH,YES,YES,danger_ratio=86.8% > 50.0%; tc_ratio=0.00% < 1.0%
2025-01-20,140,58.57,0.00,58.57,41.43,RANGE_CHOP_MID,YES,YES,danger_ratio=58.6% > 50.0%; tc_ratio=0.00% < 1.0%
2025-01-21,141,93.62,0.00,93.62,6.38,RANGE_CHOP_HIGH,YES,YES,danger_ratio=93.6% > 50.0%; tc_ratio=0.00% < 1.0%
2025-01-22,143,90.21,0.00,90.21,9.79,RANGE_CHOP_HIGH,YES,YES,danger_ratio=90.2% > 50.0%; tc_ratio=0.00% < 1.0%
2025-01-23,146,75.34,0.00,75.34,24.66,RANGE_CHOP_HIGH,YES,YES,danger_ratio=75.3% > 50.0%; tc_ratio=0.00% < 1.0%
2025-01-24,146,62.33,0.00,62.33,37.67,RANGE_CHOP_MID,YES,YES,danger_ratio=62.3% > 50.0%; tc_ratio=0.00% < 1.0%
2025-01-27,145,91.03,0.00,91.03,8.97,RANGE_CHOP_HIGH,YES,YES,danger_ratio=91.0% > 50.0%; tc_ratio=0.00% < 1.0%
2025-02-05,143,67.83,0.00,67.83,32.17,RANGE_CHOP_MID,YES,YES,danger_ratio=67.8% > 50.0%; tc_ratio=0.00% < 1.0%
2025-02-06,139,61.87,0.00,61.87,38.13,RANGE_CHOP_MID,YES,YES,danger_ratio=61.9% > 50.0%; tc_ratio=0.00% < 1.0%
2025-02-07,135,80.00,0.00,80.00,20.00,RANGE_CHOP_HIGH,YES,YES,danger_ratio=80.0% > 50.0%; tc_ratio=0.00% < 1.0%
2025-02-10,134,72.39,0.00,72.39,27.61,RANGE_CHOP_HIGH,YES,YES,danger_ratio=72.4% > 50.0%; tc_ratio=0.00% < 1.0%
2025-02-11,140,92.14,0.00,92.14,7.86,RANGE_CHOP_HIGH,YES,YES,danger_ratio=92.1% > 50.0%; tc_ratio=0.00% < 1.0%
2025-02-12,138,65.94,0.00,65.94,34.06,RANGE_CHOP_MID,YES,YES,danger_ratio=65.9% > 50.0%; tc_ratio=0.00% < 1.0%
2025-02-13,142,98.59,0.00,98.59,1.41,DEFENSIVE_SHIFT,YES,YES,danger_ratio=98.6% > 50.0%; tc_ratio=0.00% < 1.0%
2025-02-14,147,79.59,0.00,79.59,20.41,RANGE_CHOP_HIGH,YES,YES,danger_ratio=79.6% > 50.0%; tc_ratio=0.00% < 1.0%
2025-02-17,145,74.48,0.00,74.48,25.52,RANGE_CHOP_HIGH,YES,YES,danger_ratio=74.5% > 50.0%; tc_ratio=0.00% < 1.0%
2025-02-18,147,92.52,0.00,92.52,7.48,RANGE_CHOP_HIGH,YES,YES,danger_ratio=92.5% > 50.0%; tc_ratio=0.00% < 1.0%
2025-02-19,148,60.14,0.00,60.14,39.86,RANGE_CHOP_MID,YES,YES,danger_ratio=60.1% > 50.0%; tc_ratio=0.00% < 1.0%
2025-02-20,147,88.44,0.00,88.44,11.56,RANGE_CHOP_HIGH,YES,YES,danger_ratio=88.4% > 50.0%; tc_ratio=0.00% < 1.0%
2025-02-21,149,82.55,0.00,82.55,17.45,RANGE_CHOP_HIGH,YES,YES,danger_ratio=82.5% > 50.0%; tc_ratio=0.00% < 1.0%
2025-02-24,149,76.51,0.00,76.51,23.49,RANGE_CHOP_HIGH,YES,YES,danger_ratio=76.5% > 50.0%; tc_ratio=0.00% < 1.0%
2025-02-25,154,90.91,0.00,90.91,9.09,RANGE_CHOP_HIGH,YES,YES,danger_ratio=90.9% > 50.0%; tc_ratio=0.00% < 1.0%
2025-02-26,147,60.54,0.00,60.54,39.46,RANGE_CHOP_MID,YES,YES,danger_ratio=60.5% > 50.0%; tc_ratio=0.00% < 1.0%
2025-02-27,149,94.63,0.00,94.63,5.37,RANGE_CHOP_HIGH,YES,YES,danger_ratio=94.6% > 50.0%; tc_ratio=0.00% < 1.0%
2025-02-28,152,90.13,0.00,90.13,9.87,RANGE_CHOP_HIGH,YES,YES,danger_ratio=90.1% > 50.0%; tc_ratio=0.00% < 1.0%
2025-03-03,154,64.94,0.00,64.94,35.06,RANGE_CHOP_MID,YES,YES,danger_ratio=64.9% > 50.0%; tc_ratio=0.00% < 1.0%
2025-03-04,152,63.16,0.00,63.16,36.84,RANGE_CHOP_MID,YES,YES,danger_ratio=63.2% > 50.0%; tc_ratio=0.00% < 1.0%
2025-03-05,150,94.00,0.00,94.00,6.00,RANGE_CHOP_HIGH,YES,YES,danger_ratio=94.0% > 50.0%; tc_ratio=0.00% < 1.0%
2025-03-06,151,62.25,0.00,62.25,37.75,RANGE_CHOP_MID,YES,YES,danger_ratio=62.2% > 50.0%; tc_ratio=0.00% < 1.0%
2025-03-07,150,93.33,0.00,93.33,6.67,RANGE_CHOP_HIGH,YES,YES,danger_ratio=93.3% > 50.0%; tc_ratio=0.00% < 1.0%
2025-03-10,154,62.34,0.00,62.34,37.66,RANGE_CHOP_MID,YES,YES,danger_ratio=62.3% > 50.0%; tc_ratio=0.00% < 1.0%
2025-03-11,151,89.40,0.00,89.40,10.60,RANGE_CHOP_HIGH,YES,YES,danger_ratio=89.4% > 50.0%; tc_ratio=0.00% < 1.0%
2025-03-12,144,73.61,0.00,73.61,26.39,RANGE_CHOP_HIGH,YES,YES,danger_ratio=73.6% > 50.0%; tc_ratio=0.00% < 1.0%
2025-03-13,150,90.67,0.00,90.67,9.33,RANGE_CHOP_HIGH,YES,YES,danger_ratio=90.7% > 50.0%; tc_ratio=0.00% < 1.0%
2025-03-14,159,57.23,0.00,57.23,42.77,RANGE_CHOP_MID,YES,YES,danger_ratio=57.2% > 50.0%; tc_ratio=0.00% < 1.0%
2025-03-17,154,83.12,0.00,83.12,16.88,RANGE_CHOP_HIGH,YES,YES,danger_ratio=83.1% > 50.0%; tc_ratio=0.00% < 1.0%
2025-03-18,155,69.03,0.00,69.03,30.97,RANGE_CHOP_MID,YES,YES,danger_ratio=69.0% > 50.0%; tc_ratio=0.00% < 1.0%
2025-03-19,155,90.97,0.00,90.97,9.03,RANGE_CHOP_HIGH,YES,YES,danger_ratio=91.0% > 50.0%; tc_ratio=0.00% < 1.0%
2025-03-20,154,75.32,0.00,75.32,24.68,RANGE_CHOP_HIGH,YES,YES,danger_ratio=75.3% > 50.0%; tc_ratio=0.00% < 1.0%
2025-03-21,159,95.60,0.00,95.60,4.40,DEFENSIVE_SHIFT,YES,YES,danger_ratio=95.6% > 50.0%; tc_ratio=0.00% < 1.0%
2025-03-24,152,83.55,0.00,83.55,16.45,RANGE_CHOP_HIGH,YES,YES,danger_ratio=83.5% > 50.0%; tc_ratio=0.00% < 1.0%
2025-03-25,154,72.08,0.00,72.08,27.92,RANGE_CHOP_HIGH,YES,YES,danger_ratio=72.1% > 50.0%; tc_ratio=0.00% < 1.0%
2025-03-26,149,66.44,0.00,66.44,33.56,RANGE_CHOP_MID,YES,YES,danger_ratio=66.4% > 50.0%; tc_ratio=0.00% < 1.0%
2025-03-27,148,89.19,0.00,89.19,10.81,RANGE_CHOP_HIGH,YES,YES,danger_ratio=89.2% > 50.0%; tc_ratio=0.00% < 1.0%
2025-03-28,141,87.23,0.00,87.23,12.77,RANGE_CHOP_HIGH,YES,YES,danger_ratio=87.2% > 50.0%; tc_ratio=0.00% < 1.0%
2025-03-31,143,84.62,0.00,84.62,15.38,RANGE_CHOP_HIGH,YES,YES,danger_ratio=84.6% > 50.0%; tc_ratio=0.00% < 1.0%
2025-04-01,145,68.97,0.00,68.97,31.03,RANGE_CHOP_MID,YES,YES,danger_ratio=69.0% > 50.0%; tc_ratio=0.00% < 1.0%
2025-04-02,146,84.25,0.00,84.25,15.75,RANGE_CHOP_HIGH,YES,YES,danger_ratio=84.2% > 50.0%; tc_ratio=0.00% < 1.0%
2025-04-03,144,88.19,0.00,88.19,11.81,RANGE_CHOP_HIGH,YES,YES,danger_ratio=88.2% > 50.0%; tc_ratio=0.00% < 1.0%
2025-04-07,146,93.84,0.00,93.84,6.16,RANGE_CHOP_HIGH,YES,YES,danger_ratio=93.8% > 50.0%; tc_ratio=0.00% < 1.0%
2025-04-08,144,59.03,0.00,59.03,40.97,RANGE_CHOP_MID,YES,YES,danger_ratio=59.0% > 50.0%; tc_ratio=0.00% < 1.0%
2025-04-09,149,65.10,0.00,65.10,34.90,RANGE_CHOP_MID,YES,YES,danger_ratio=65.1% > 50.0%; tc_ratio=0.00% < 1.0%
2025-04-10,149,69.80,0.00,69.80,30.20,RANGE_CHOP_MID,YES,YES,danger_ratio=69.8% > 50.0%; tc_ratio=0.00% < 1.0%
2025-04-11,150,87.33,0.00,87.33,12.67,RANGE_CHOP_HIGH,YES,YES,danger_ratio=87.3% > 50.0%; tc_ratio=0.00% < 1.0%
2025-04-14,148,52.70,0.00,52.70,47.30,RANGE_CHOP_MID,YES,YES,danger_ratio=52.7% > 50.0%; tc_ratio=0.00% < 1.0%
2025-04-15,150,90.67,0.00,90.67,9.33,RANGE_CHOP_HIGH,YES,YES,danger_ratio=90.7% > 50.0%; tc_ratio=0.00% < 1.0%
2025-04-16,156,92.31,0.00,92.31,7.69,RANGE_CHOP_HIGH,YES,YES,danger_ratio=92.3% > 50.0%; tc_ratio=0.00% < 1.0%
2025-04-17,153,64.05,0.00,64.05,35.95,RANGE_CHOP_MID,YES,YES,danger_ratio=64.0% > 50.0%; tc_ratio=0.00% < 1.0%
2025-04-18,155,85.81,0.00,85.81,14.19,RANGE_CHOP_HIGH,YES,YES,danger_ratio=85.8% > 50.0%; tc_ratio=0.00% < 1.0%
2025-04-21,149,61.07,0.00,61.07,38.93,RANGE_CHOP_MID,YES,YES,danger_ratio=61.1% > 50.0%; tc_ratio=0.00% < 1.0%
2025-04-22,153,90.85,0.00,90.85,9.15,RANGE_CHOP_HIGH,YES,YES,danger_ratio=90.8% > 50.0%; tc_ratio=0.00% < 1.0%
2025-04-23,147,74.15,0.00,74.15,25.85,RANGE_CHOP_HIGH,YES,YES,danger_ratio=74.2% > 50.0%; tc_ratio=0.00% < 1.0%
2025-04-24,153,89.54,0.00,89.54,10.46,RANGE_CHOP_HIGH,YES,YES,danger_ratio=89.5% > 50.0%; tc_ratio=0.00% < 1.0%
2025-04-25,159,72.33,0.00,72.33,27.67,RANGE_CHOP_HIGH,YES,YES,danger_ratio=72.3% > 50.0%; tc_ratio=0.00% < 1.0%
2025-04-28,160,96.88,0.00,96.88,3.12,DEFENSIVE_SHIFT,YES,YES,danger_ratio=96.9% > 50.0%; tc_ratio=0.00% < 1.0%
2025-04-29,156,69.23,0.00,69.23,30.77,RANGE_CHOP_MID,YES,YES,danger_ratio=69.2% > 50.0%; tc_ratio=0.00% < 1.0%
2025-04-30,153,79.08,0.00,79.08,20.92,RANGE_CHOP_HIGH,YES,YES,danger_ratio=79.1% > 50.0%; tc_ratio=0.00% < 1.0%
2025-05-06,149,49.66,0.00,49.66,50.34,RANGE_CHOP_LOW,NO,YES,tc_ratio=0.00% < 1.0%
2025-05-07,148,83.11,0.00,83.11,16.89,RANGE_CHOP_HIGH,YES,YES,danger_ratio=83.1% > 50.0%; tc_ratio=0.00% < 1.0%
2025-05-08,148,59.46,0.00,59.46,40.54,RANGE_CHOP_MID,YES,YES,danger_ratio=59.5% > 50.0%; tc_ratio=0.00% < 1.0%
2025-05-09,149,93.96,0.00,93.96,6.04,RANGE_CHOP_HIGH,YES,YES,danger_ratio=94.0% > 50.0%; tc_ratio=0.00% < 1.0%
2025-05-12,151,58.28,0.00,58.28,41.72,RANGE_CHOP_MID,YES,YES,danger_ratio=58.3% > 50.0%; tc_ratio=0.00% < 1.0%
2025-05-13,155,88.39,0.00,88.39,11.61,RANGE_CHOP_HIGH,YES,YES,danger_ratio=88.4% > 50.0%; tc_ratio=0.00% < 1.0%
2025-05-14,151,80.13,0.00,80.13,19.87,RANGE_CHOP_HIGH,YES,YES,danger_ratio=80.1% > 50.0%; tc_ratio=0.00% < 1.0%
2025-05-15,149,87.25,0.00,87.25,12.75,RANGE_CHOP_HIGH,YES,YES,danger_ratio=87.2% > 50.0%; tc_ratio=0.00% < 1.0%
2025-05-16,151,70.86,0.00,70.86,29.14,RANGE_CHOP_HIGH,YES,YES,danger_ratio=70.9% > 50.0%; tc_ratio=0.00% < 1.0%
2025-05-19,157,71.97,0.00,71.97,28.03,RANGE_CHOP_HIGH,YES,YES,danger_ratio=72.0% > 50.0%; tc_ratio=0.00% < 1.0%
2025-05-20,156,67.31,0.00,67.31,32.69,RANGE_CHOP_MID,YES,YES,danger_ratio=67.3% > 50.0%; tc_ratio=0.00% < 1.0%
2025-05-21,157,94.90,0.00,94.90,5.10,RANGE_CHOP_HIGH,YES,YES,danger_ratio=94.9% > 50.0%; tc_ratio=0.00% < 1.0%
2025-05-22,155,89.68,0.00,89.68,10.32,RANGE_CHOP_HIGH,YES,YES,danger_ratio=89.7% > 50.0%; tc_ratio=0.00% < 1.0%
2025-05-23,151,87.42,0.00,87.42,12.58,RANGE_CHOP_HIGH,YES,YES,danger_ratio=87.4% > 50.0%; tc_ratio=0.00% < 1.0%
2025-05-26,161,65.22,0.00,65.22,34.78,RANGE_CHOP_MID,YES,YES,danger_ratio=65.2% > 50.0%; tc_ratio=0.00% < 1.0%
2025-05-27,156,82.69,0.00,82.69,17.31,RANGE_CHOP_HIGH,YES,YES,danger_ratio=82.7% > 50.0%; tc_ratio=0.00% < 1.0%
2025-05-28,149,82.55,0.00,82.55,17.45,RANGE_CHOP_HIGH,YES,YES,danger_ratio=82.5% > 50.0%; tc_ratio=0.00% < 1.0%
2025-05-29,150,56.67,0.00,56.67,43.33,RANGE_CHOP_MID,YES,YES,danger_ratio=56.7% > 50.0%; tc_ratio=0.00% < 1.0%
2025-05-30,147,95.24,0.00,95.24,4.76,DEFENSIVE_SHIFT,YES,YES,danger_ratio=95.2% > 50.0%; tc_ratio=0.00% < 1.0%
2025-06-03,150,58.67,0.00,58.67,41.33,RANGE_CHOP_MID,YES,YES,danger_ratio=58.7% > 50.0%; tc_ratio=0.00% < 1.0%
2025-06-04,151,66.23,0.00,66.23,33.77,RANGE_CHOP_MID,YES,YES,danger_ratio=66.2% > 50.0%; tc_ratio=0.00% < 1.0%
2025-06-05,152,80.26,0.00,80.26,19.74,RANGE_CHOP_HIGH,YES,YES,danger_ratio=80.3% > 50.0%; tc_ratio=0.00% < 1.0%
2025-06-06,146,79.45,0.00,79.45,20.55,RANGE_CHOP_HIGH,YES,YES,danger_ratio=79.5% > 50.0%; tc_ratio=0.00% < 1.0%
2025-06-09,146,63.01,0.00,63.01,36.99,RANGE_CHOP_MID,YES,YES,danger_ratio=63.0% > 50.0%; tc_ratio=0.00% < 1.0%
2025-06-10,144,95.83,0.00,95.83,4.17,DEFENSIVE_SHIFT,YES,YES,danger_ratio=95.8% > 50.0%; tc_ratio=0.00% < 1.0%
2025-06-11,140,57.14,0.00,57.14,42.86,RANGE_CHOP_MID,YES,YES,danger_ratio=57.1% > 50.0%; tc_ratio=0.00% < 1.0%
2025-06-12,143,85.31,0.00,85.31,14.69,RANGE_CHOP_HIGH,YES,YES,danger_ratio=85.3% > 50.0%; tc_ratio=0.00% < 1.0%
2025-06-13,146,86.99,0.00,86.99,13.01,RANGE_CHOP_HIGH,YES,YES,danger_ratio=87.0% > 50.0%; tc_ratio=0.00% < 1.0%
2025-06-16,146,60.27,0.00,60.27,39.73,RANGE_CHOP_MID,YES,YES,danger_ratio=60.3% > 50.0%; tc_ratio=0.00% < 1.0%
2025-06-17,146,85.62,0.00,85.62,14.38,RANGE_CHOP_HIGH,YES,YES,danger_ratio=85.6% > 50.0%; tc_ratio=0.00% < 1.0%
2025-06-18,143,81.82,0.00,81.82,18.18,RANGE_CHOP_HIGH,YES,YES,danger_ratio=81.8% > 50.0%; tc_ratio=0.00% < 1.0%
2025-06-19,144,95.14,0.00,95.14,4.86,DEFENSIVE_SHIFT,YES,YES,danger_ratio=95.1% > 50.0%; tc_ratio=0.00% < 1.0%
2025-06-20,149,79.87,0.00,79.87,20.13,RANGE_CHOP_HIGH,YES,YES,danger_ratio=79.9% > 50.0%; tc_ratio=0.00% < 1.0%
2025-06-23,150,64.00,0.00,64.00,36.00,RANGE_CHOP_MID,YES,YES,danger_ratio=64.0% > 50.0%; tc_ratio=0.00% < 1.0%
2025-06-24,153,65.36,0.00,65.36,34.64,RANGE_CHOP_MID,YES,YES,danger_ratio=65.4% > 50.0%; tc_ratio=0.00% < 1.0%
2025-06-25,151,82.78,0.00,82.78,17.22,RANGE_CHOP_HIGH,YES,YES,danger_ratio=82.8% > 50.0%; tc_ratio=0.00% < 1.0%
2025-06-26,153,88.24,0.00,88.24,11.76,RANGE_CHOP_HIGH,YES,YES,danger_ratio=88.2% > 50.0%; tc_ratio=0.00% < 1.0%
2025-06-27,148,56.76,0.00,56.76,43.24,RANGE_CHOP_MID,YES,YES,danger_ratio=56.8% > 50.0%; tc_ratio=0.00% < 1.0%
2025-06-30,149,63.09,0.00,63.09,36.91,RANGE_CHOP_MID,YES,YES,danger_ratio=63.1% > 50.0%; tc_ratio=0.00% < 1.0%
2025-07-01,149,85.23,0.00,85.23,14.77,RANGE_CHOP_HIGH,YES,YES,danger_ratio=85.2% > 50.0%; tc_ratio=0.00% < 1.0%
2025-07-02,148,83.11,0.00,83.11,16.89,RANGE_CHOP_HIGH,YES,YES,danger_ratio=83.1% > 50.0%; tc_ratio=0.00% < 1.0%
2025-07-03,141,62.41,0.00,62.41,37.59,RANGE_CHOP_MID,YES,YES,danger_ratio=62.4% > 50.0%; tc_ratio=0.00% < 1.0%
2025-07-04,147,91.84,0.00,91.84,8.16,RANGE_CHOP_HIGH,YES,YES,danger_ratio=91.8% > 50.0%; tc_ratio=0.00% < 1.0%
2025-07-07,148,64.19,0.00,64.19,35.81,RANGE_CHOP_MID,YES,YES,danger_ratio=64.2% > 50.0%; tc_ratio=0.00% < 1.0%
2025-07-08,143,60.14,0.00,60.14,39.86,RANGE_CHOP_MID,YES,YES,danger_ratio=60.1% > 50.0%; tc_ratio=0.00% < 1.0%
2025-07-09,146,91.10,0.00,91.10,8.90,RANGE_CHOP_HIGH,YES,YES,danger_ratio=91.1% > 50.0%; tc_ratio=0.00% < 1.0%
2025-07-10,146,71.92,0.00,71.92,28.08,RANGE_CHOP_HIGH,YES,YES,danger_ratio=71.9% > 50.0%; tc_ratio=0.00% < 1.0%
2025-07-11,146,73.29,0.00,73.29,26.71,RANGE_CHOP_HIGH,YES,YES,danger_ratio=73.3% > 50.0%; tc_ratio=0.00% < 1.0%
2025-07-14,148,68.24,0.00,68.24,31.76,RANGE_CHOP_MID,YES,YES,danger_ratio=68.2% > 50.0%; tc_ratio=0.00% < 1.0%
2025-07-15,146,92.47,0.00,92.47,7.53,RANGE_CHOP_HIGH,YES,YES,danger_ratio=92.5% > 50.0%; tc_ratio=0.00% < 1.0%
2025-07-16,146,64.38,0.00,64.38,35.62,RANGE_CHOP_MID,YES,YES,danger_ratio=64.4% > 50.0%; tc_ratio=0.00% < 1.0%
2025-07-17,146,76.03,0.00,76.03,23.97,RANGE_CHOP_HIGH,YES,YES,danger_ratio=76.0% > 50.0%; tc_ratio=0.00% < 1.0%
2025-07-18,146,85.62,0.00,85.62,14.38,RANGE_CHOP_HIGH,YES,YES,danger_ratio=85.6% > 50.0%; tc_ratio=0.00% < 1.0%
2025-07-21,145,64.83,0.00,64.83,35.17,RANGE_CHOP_MID,YES,YES,danger_ratio=64.8% > 50.0%; tc_ratio=0.00% < 1.0%
2025-07-22,146,91.78,0.00,91.78,8.22,RANGE_CHOP_HIGH,YES,YES,danger_ratio=91.8% > 50.0%; tc_ratio=0.00% < 1.0%
2025-07-23,146,89.04,0.00,89.04,10.96,RANGE_CHOP_HIGH,YES,YES,danger_ratio=89.0% > 50.0%; tc_ratio=0.00% < 1.0%
2025-07-24,149,55.70,0.00,55.70,44.30,RANGE_CHOP_MID,YES,YES,danger_ratio=55.7% > 50.0%; tc_ratio=0.00% < 1.0%
2025-07-25,153,88.24,0.00,88.24,11.76,RANGE_CHOP_HIGH,YES,YES,danger_ratio=88.2% > 50.0%; tc_ratio=0.00% < 1.0%
2025-07-28,155,69.03,0.00,69.03,30.97,RANGE_CHOP_MID,YES,YES,danger_ratio=69.0% > 50.0%; tc_ratio=0.00% < 1.0%
2025-07-29,153,87.58,0.00,87.58,12.42,RANGE_CHOP_HIGH,YES,YES,danger_ratio=87.6% > 50.0%; tc_ratio=0.00% < 1.0%
2025-07-30,153,78.43,0.00,78.43,21.57,RANGE_CHOP_HIGH,YES,YES,danger_ratio=78.4% > 50.0%; tc_ratio=0.00% < 1.0%
2025-07-31,147,89.80,0.00,89.80,10.20,RANGE_CHOP_HIGH,YES,YES,danger_ratio=89.8% > 50.0%; tc_ratio=0.00% < 1.0%
2025-08-01,155,59.35,0.00,59.35,40.65,RANGE_CHOP_MID,YES,YES,danger_ratio=59.4% > 50.0%; tc_ratio=0.00% < 1.0%
2025-08-04,155,62.58,0.00,62.58,37.42,RANGE_CHOP_MID,YES,YES,danger_ratio=62.6% > 50.0%; tc_ratio=0.00% < 1.0%
2025-08-05,149,75.17,0.00,75.17,24.83,RANGE_CHOP_HIGH,YES,YES,danger_ratio=75.2% > 50.0%; tc_ratio=0.00% < 1.0%
2025-08-06,155,78.71,0.00,78.71,21.29,RANGE_CHOP_HIGH,YES,YES,danger_ratio=78.7% > 50.0%; tc_ratio=0.00% < 1.0%
2025-08-07,148,83.78,0.00,83.78,16.22,RANGE_CHOP_HIGH,YES,YES,danger_ratio=83.8% > 50.0%; tc_ratio=0.00% < 1.0%
2025-08-08,148,68.92,0.00,68.92,31.08,RANGE_CHOP_MID,YES,YES,danger_ratio=68.9% > 50.0%; tc_ratio=0.00% < 1.0%
2025-08-11,153,61.44,0.00,61.44,38.56,RANGE_CHOP_MID,YES,YES,danger_ratio=61.4% > 50.0%; tc_ratio=0.00% < 1.0%
2025-08-12,157,95.54,0.00,95.54,4.46,DEFENSIVE_SHIFT,YES,YES,danger_ratio=95.5% > 50.0%; tc_ratio=0.00% < 1.0%
2025-08-13,148,66.22,0.00,66.22,33.78,RANGE_CHOP_MID,YES,YES,danger_ratio=66.2% > 50.0%; tc_ratio=0.00% < 1.0%
2025-08-14,152,96.05,0.00,96.05,3.95,DEFENSIVE_SHIFT,YES,YES,danger_ratio=96.0% > 50.0%; tc_ratio=0.00% < 1.0%
2025-08-15,161,55.90,0.00,55.90,44.10,RANGE_CHOP_MID,YES,YES,danger_ratio=55.9% > 50.0%; tc_ratio=0.00% < 1.0%
2025-08-18,155,77.42,0.00,77.42,22.58,RANGE_CHOP_HIGH,YES,YES,danger_ratio=77.4% > 50.0%; tc_ratio=0.00% < 1.0%
2025-08-19,150,80.67,0.00,80.67,19.33,RANGE_CHOP_HIGH,YES,YES,danger_ratio=80.7% > 50.0%; tc_ratio=0.00% < 1.0%
2025-08-20,149,65.77,0.00,65.77,34.23,RANGE_CHOP_MID,YES,YES,danger_ratio=65.8% > 50.0%; tc_ratio=0.00% < 1.0%
2025-08-21,143,90.91,0.00,90.91,9.09,RANGE_CHOP_HIGH,YES,YES,danger_ratio=90.9% > 50.0%; tc_ratio=0.00% < 1.0%
2025-08-22,149,77.85,0.00,77.85,22.15,RANGE_CHOP_HIGH,YES,YES,danger_ratio=77.8% > 50.0%; tc_ratio=0.00% < 1.0%
2025-08-25,150,71.33,0.00,71.33,28.67,RANGE_CHOP_HIGH,YES,YES,danger_ratio=71.3% > 50.0%; tc_ratio=0.00% < 1.0%
2025-08-26,159,83.02,0.00,83.02,16.98,RANGE_CHOP_HIGH,YES,YES,danger_ratio=83.0% > 50.0%; tc_ratio=0.00% < 1.0%
2025-08-27,155,95.48,0.00,95.48,4.52,DEFENSIVE_SHIFT,YES,YES,danger_ratio=95.5% > 50.0%; tc_ratio=0.00% < 1.0%
2025-08-28,149,77.18,0.00,77.18,22.82,RANGE_CHOP_HIGH,YES,YES,danger_ratio=77.2% > 50.0%; tc_ratio=0.00% < 1.0%
2025-08-29,152,90.79,0.00,90.79,9.21,RANGE_CHOP_HIGH,YES,YES,danger_ratio=90.8% > 50.0%; tc_ratio=0.00% < 1.0%
2025-09-01,152,69.08,0.00,69.08,30.92,RANGE_CHOP_MID,YES,YES,danger_ratio=69.1% > 50.0%; tc_ratio=0.00% < 1.0%
2025-09-02,154,94.81,0.00,94.81,5.19,RANGE_CHOP_HIGH,YES,YES,danger_ratio=94.8% > 50.0%; tc_ratio=0.00% < 1.0%
2025-09-03,154,94.16,0.00,94.16,5.84,RANGE_CHOP_HIGH,YES,YES,danger_ratio=94.2% > 50.0%; tc_ratio=0.00% < 1.0%
2025-09-04,152,78.29,0.00,78.29,21.71,RANGE_CHOP_HIGH,YES,YES,danger_ratio=78.3% > 50.0%; tc_ratio=0.00% < 1.0%
2025-09-05,150,68.00,0.00,68.00,32.00,RANGE_CHOP_MID,YES,YES,danger_ratio=68.0% > 50.0%; tc_ratio=0.00% < 1.0%
2025-09-08,148,89.86,0.00,89.86,10.14,RANGE_CHOP_HIGH,YES,YES,danger_ratio=89.9% > 50.0%; tc_ratio=0.00% < 1.0%
2025-09-09,145,93.10,0.00,93.10,6.90,RANGE_CHOP_HIGH,YES,YES,danger_ratio=93.1% > 50.0%; tc_ratio=0.00% < 1.0%
2025-09-10,142,83.10,0.00,83.10,16.90,RANGE_CHOP_HIGH,YES,YES,danger_ratio=83.1% > 50.0%; tc_ratio=0.00% < 1.0%
2025-09-11,148,66.89,0.00,66.89,33.11,RANGE_CHOP_MID,YES,YES,danger_ratio=66.9% > 50.0%; tc_ratio=0.00% < 1.0%
2025-09-12,148,96.62,0.00,96.62,3.38,DEFENSIVE_SHIFT,YES,YES,danger_ratio=96.6% > 50.0%; tc_ratio=0.00% < 1.0%
2025-09-15,146,86.99,0.00,86.99,13.01,RANGE_CHOP_HIGH,YES,YES,danger_ratio=87.0% > 50.0%; tc_ratio=0.00% < 1.0%
2025-09-16,147,72.79,0.00,72.79,27.21,RANGE_CHOP_HIGH,YES,YES,danger_ratio=72.8% > 50.0%; tc_ratio=0.00% < 1.0%
2025-09-17,147,91.16,0.00,91.16,8.84,RANGE_CHOP_HIGH,YES,YES,danger_ratio=91.2% > 50.0%; tc_ratio=0.00% < 1.0%
2025-09-18,141,92.91,0.00,92.91,7.09,RANGE_CHOP_HIGH,YES,YES,danger_ratio=92.9% > 50.0%; tc_ratio=0.00% < 1.0%
2025-09-19,143,89.51,0.00,89.51,10.49,RANGE_CHOP_HIGH,YES,YES,danger_ratio=89.5% > 50.0%; tc_ratio=0.00% < 1.0%
2025-09-22,143,86.01,0.00,86.01,13.99,RANGE_CHOP_HIGH,YES,YES,danger_ratio=86.0% > 50.0%; tc_ratio=0.00% < 1.0%
2025-09-23,144,95.83,0.00,95.83,4.17,DEFENSIVE_SHIFT,YES,YES,danger_ratio=95.8% > 50.0%; tc_ratio=0.00% < 1.0%
2025-09-24,148,65.54,0.00,65.54,34.46,RANGE_CHOP_MID,YES,YES,danger_ratio=65.5% > 50.0%; tc_ratio=0.00% < 1.0%
2025-09-25,148,97.97,0.00,97.97,2.03,DEFENSIVE_SHIFT,YES,YES,danger_ratio=98.0% > 50.0%; tc_ratio=0.00% < 1.0%
2025-09-26,141,86.52,0.00,86.52,13.48,RANGE_CHOP_HIGH,YES,YES,danger_ratio=86.5% > 50.0%; tc_ratio=0.00% < 1.0%
2025-09-29,139,69.06,0.00,69.06,30.94,RANGE_CHOP_MID,YES,YES,danger_ratio=69.1% > 50.0%; tc_ratio=0.00% < 1.0%
2025-09-30,140,90.71,0.00,90.71,9.29,RANGE_CHOP_HIGH,YES,YES,danger_ratio=90.7% > 50.0%; tc_ratio=0.00% < 1.0%
2025-10-09,149,79.19,0.00,79.19,20.81,RANGE_CHOP_HIGH,YES,YES,danger_ratio=79.2% > 50.0%; tc_ratio=0.00% < 1.0%
2025-10-10,147,82.99,0.00,82.99,17.01,RANGE_CHOP_HIGH,YES,YES,danger_ratio=83.0% > 50.0%; tc_ratio=0.00% < 1.0%
2025-10-13,149,89.93,0.00,89.93,10.07,RANGE_CHOP_HIGH,YES,YES,danger_ratio=89.9% > 50.0%; tc_ratio=0.00% < 1.0%
2025-10-14,150,90.00,0.00,90.00,10.00,RANGE_CHOP_HIGH,YES,YES,danger_ratio=90.0% > 50.0%; tc_ratio=0.00% < 1.0%
2025-10-15,152,64.47,0.00,64.47,35.53,RANGE_CHOP_MID,YES,YES,danger_ratio=64.5% > 50.0%; tc_ratio=0.00% < 1.0%
2025-10-16,151,99.34,0.00,99.34,0.66,DEFENSIVE_SHIFT,YES,YES,danger_ratio=99.3% > 50.0%; tc_ratio=0.00% < 1.0%
2025-10-17,156,95.51,0.00,95.51,4.49,DEFENSIVE_SHIFT,YES,YES,danger_ratio=95.5% > 50.0%; tc_ratio=0.00% < 1.0%
2025-10-20,148,64.19,0.00,64.19,35.81,RANGE_CHOP_MID,YES,YES,danger_ratio=64.2% > 50.0%; tc_ratio=0.00% < 1.0%
2025-10-21,150,71.33,0.00,71.33,28.67,RANGE_CHOP_HIGH,YES,YES,danger_ratio=71.3% > 50.0%; tc_ratio=0.00% < 1.0%
2025-10-22,150,92.67,0.00,92.67,7.33,RANGE_CHOP_HIGH,YES,YES,danger_ratio=92.7% > 50.0%; tc_ratio=0.00% < 1.0%
2025-10-23,153,66.67,0.00,66.67,33.33,RANGE_CHOP_MID,YES,YES,danger_ratio=66.7% > 50.0%; tc_ratio=0.00% < 1.0%
2025-10-24,149,77.85,0.00,77.85,22.15,RANGE_CHOP_HIGH,YES,YES,danger_ratio=77.8% > 50.0%; tc_ratio=0.00% < 1.0%
2025-10-27,152,75.66,0.00,75.66,24.34,RANGE_CHOP_HIGH,YES,YES,danger_ratio=75.7% > 50.0%; tc_ratio=0.00% < 1.0%
2025-10-28,155,89.68,0.00,89.68,10.32,RANGE_CHOP_HIGH,YES,YES,danger_ratio=89.7% > 50.0%; tc_ratio=0.00% < 1.0%
2025-10-29,149,78.52,0.00,78.52,21.48,RANGE_CHOP_HIGH,YES,YES,danger_ratio=78.5% > 50.0%; tc_ratio=0.00% < 1.0%
2025-10-30,153,95.42,0.00,95.42,4.58,DEFENSIVE_SHIFT,YES,YES,danger_ratio=95.4% > 50.0%; tc_ratio=0.00% < 1.0%
2025-10-31,150,66.00,0.00,66.00,34.00,RANGE_CHOP_MID,YES,YES,danger_ratio=66.0% > 50.0%; tc_ratio=0.00% < 1.0%
2025-11-03,151,80.79,0.00,80.79,19.21,RANGE_CHOP_HIGH,YES,YES,danger_ratio=80.8% > 50.0%; tc_ratio=0.00% < 1.0%
2025-11-04,160,89.38,0.00,89.38,10.62,RANGE_CHOP_HIGH,YES,YES,danger_ratio=89.4% > 50.0%; tc_ratio=0.00% < 1.0%
2025-11-05,151,62.25,0.00,62.25,37.75,RANGE_CHOP_MID,YES,YES,danger_ratio=62.2% > 50.0%; tc_ratio=0.00% < 1.0%
2025-11-06,149,81.88,0.00,81.88,18.12,RANGE_CHOP_HIGH,YES,YES,danger_ratio=81.9% > 50.0%; tc_ratio=0.00% < 1.0%
2025-11-07,143,85.31,0.00,85.31,14.69,RANGE_CHOP_HIGH,YES,YES,danger_ratio=85.3% > 50.0%; tc_ratio=0.00% < 1.0%
2025-11-10,152,72.37,0.00,72.37,27.63,RANGE_CHOP_HIGH,YES,YES,danger_ratio=72.4% > 50.0%; tc_ratio=0.00% < 1.0%
2025-11-11,152,82.24,0.00,82.24,17.76,RANGE_CHOP_HIGH,YES,YES,danger_ratio=82.2% > 50.0%; tc_ratio=0.00% < 1.0%
2025-11-12,150,88.67,0.00,88.67,11.33,RANGE_CHOP_HIGH,YES,YES,danger_ratio=88.7% > 50.0%; tc_ratio=0.00% < 1.0%
2025-11-13,152,67.11,0.00,67.11,32.89,RANGE_CHOP_MID,YES,YES,danger_ratio=67.1% > 50.0%; tc_ratio=0.00% < 1.0%
2025-11-14,152,89.47,0.00,89.47,10.53,RANGE_CHOP_HIGH,YES,YES,danger_ratio=89.5% > 50.0%; tc_ratio=0.00% < 1.0%
2025-11-17,156,74.36,0.00,74.36,25.64,RANGE_CHOP_HIGH,YES,YES,danger_ratio=74.4% > 50.0%; tc_ratio=0.00% < 1.0%
2025-11-18,156,97.44,0.00,97.44,2.56,DEFENSIVE_SHIFT,YES,YES,danger_ratio=97.4% > 50.0%; tc_ratio=0.00% < 1.0%
2025-11-19,153,89.54,0.00,89.54,10.46,RANGE_CHOP_HIGH,YES,YES,danger_ratio=89.5% > 50.0%; tc_ratio=0.00% < 1.0%
2025-11-20,154,88.96,0.00,88.96,11.04,RANGE_CHOP_HIGH,YES,YES,danger_ratio=89.0% > 50.0%; tc_ratio=0.00% < 1.0%
2025-11-21,155,94.84,0.00,94.84,5.16,RANGE_CHOP_HIGH,YES,YES,danger_ratio=94.8% > 50.0%; tc_ratio=0.00% < 1.0%
2025-11-24,153,62.09,0.00,62.09,37.91,RANGE_CHOP_MID,YES,YES,danger_ratio=62.1% > 50.0%; tc_ratio=0.00% < 1.0%
2025-11-25,157,73.89,0.00,73.89,26.11,RANGE_CHOP_HIGH,YES,YES,danger_ratio=73.9% > 50.0%; tc_ratio=0.00% < 1.0%
2025-11-26,154,94.16,0.00,94.16,5.84,RANGE_CHOP_HIGH,YES,YES,danger_ratio=94.2% > 50.0%; tc_ratio=0.00% < 1.0%
2025-11-27,159,77.99,0.00,77.99,22.01,RANGE_CHOP_HIGH,YES,YES,danger_ratio=78.0% > 50.0%; tc_ratio=0.00% < 1.0%
2025-11-28,160,71.25,0.00,71.25,28.75,RANGE_CHOP_HIGH,YES,YES,danger_ratio=71.2% > 50.0%; tc_ratio=0.00% < 1.0%
2025-12-01,156,87.18,0.00,87.18,12.82,RANGE_CHOP_HIGH,YES,YES,danger_ratio=87.2% > 50.0%; tc_ratio=0.00% < 1.0%
2025-12-02,159,88.68,0.00,88.68,11.32,RANGE_CHOP_HIGH,YES,YES,danger_ratio=88.7% > 50.0%; tc_ratio=0.00% < 1.0%
2025-12-03,154,88.96,0.00,88.96,11.04,RANGE_CHOP_HIGH,YES,YES,danger_ratio=89.0% > 50.0%; tc_ratio=0.00% < 1.0%
2025-12-04,162,90.74,0.00,90.74,9.26,RANGE_CHOP_HIGH,YES,YES,danger_ratio=90.7% > 50.0%; tc_ratio=0.00% < 1.0%
2025-12-05,150,65.33,0.00,65.33,34.67,RANGE_CHOP_MID,YES,YES,danger_ratio=65.3% > 50.0%; tc_ratio=0.00% < 1.0%
2025-12-08,148,91.22,0.00,91.22,8.78,RANGE_CHOP_HIGH,YES,YES,danger_ratio=91.2% > 50.0%; tc_ratio=0.00% < 1.0%
2025-12-09,149,95.97,0.00,95.97,4.03,DEFENSIVE_SHIFT,YES,YES,danger_ratio=96.0% > 50.0%; tc_ratio=0.00% < 1.0%
2025-12-10,146,80.82,0.00,80.82,19.18,RANGE_CHOP_HIGH,YES,YES,danger_ratio=80.8% > 50.0%; tc_ratio=0.00% < 1.0%
2025-12-11,150,96.00,0.00,96.00,4.00,DEFENSIVE_SHIFT,YES,YES,danger_ratio=96.0% > 50.0%; tc_ratio=0.00% < 1.0%
2025-12-12,153,82.35,0.00,82.35,17.65,RANGE_CHOP_HIGH,YES,YES,danger_ratio=82.3% > 50.0%; tc_ratio=0.00% < 1.0%
2025-12-15,148,90.54,0.00,90.54,9.46,RANGE_CHOP_HIGH,YES,YES,danger_ratio=90.5% > 50.0%; tc_ratio=0.00% < 1.0%
2025-12-16,141,94.33,0.00,94.33,5.67,RANGE_CHOP_HIGH,YES,YES,danger_ratio=94.3% > 50.0%; tc_ratio=0.00% < 1.0%
2025-12-17,147,65.99,0.00,65.99,34.01,RANGE_CHOP_MID,YES,YES,danger_ratio=66.0% > 50.0%; tc_ratio=0.00% < 1.0%
2025-12-18,137,83.94,0.00,83.94,16.06,RANGE_CHOP_HIGH,YES,YES,danger_ratio=83.9% > 50.0%; tc_ratio=0.00% < 1.0%
2025-12-19,139,64.75,0.00,64.75,35.25,RANGE_CHOP_MID,YES,YES,danger_ratio=64.8% > 50.0%; tc_ratio=0.00% < 1.0%
2025-12-22,141,90.07,0.00,90.07,9.93,RANGE_CHOP_HIGH,YES,YES,danger_ratio=90.1% > 50.0%; tc_ratio=0.00% < 1.0%
2025-12-23,144,92.36,0.00,92.36,7.64,RANGE_CHOP_HIGH,YES,YES,danger_ratio=92.4% > 50.0%; tc_ratio=0.00% < 1.0%
2025-12-24,141,65.25,0.00,65.25,34.75,RANGE_CHOP_MID,YES,YES,danger_ratio=65.2% > 50.0%; tc_ratio=0.00% < 1.0%
2025-12-25,142,80.99,0.00,80.99,19.01,RANGE_CHOP_HIGH,YES,YES,danger_ratio=81.0% > 50.0%; tc_ratio=0.00% < 1.0%
2025-12-26,139,92.81,0.00,92.81,7.19,RANGE_CHOP_HIGH,YES,YES,danger_ratio=92.8% > 50.0%; tc_ratio=0.00% < 1.0%
2025-12-29,139,85.61,0.00,85.61,14.39,RANGE_CHOP_HIGH,YES,YES,danger_ratio=85.6% > 50.0%; tc_ratio=0.00% < 1.0%
2025-12-30,144,94.44,0.00,94.44,5.56,RANGE_CHOP_HIGH,YES,YES,danger_ratio=94.4% > 50.0%; tc_ratio=0.00% < 1.0%
2025-12-31,140,92.14,0.00,92.14,7.86,RANGE_CHOP_HIGH,YES,YES,danger_ratio=92.1% > 50.0%; tc_ratio=0.00% < 1.0%
2026-01-05,140,69.29,0.00,69.29,30.71,RANGE_CHOP_MID,YES,YES,danger_ratio=69.3% > 50.0%; tc_ratio=0.00% < 1.0%
2026-01-06,149,81.21,0.00,81.21,18.79,RANGE_CHOP_HIGH,YES,YES,danger_ratio=81.2% > 50.0%; tc_ratio=0.00% < 1.0%
2026-01-07,143,96.50,0.00,96.50,3.50,DEFENSIVE_SHIFT,YES,YES,danger_ratio=96.5% > 50.0%; tc_ratio=0.00% < 1.0%
2026-01-08,148,68.92,0.00,68.92,31.08,RANGE_CHOP_MID,YES,YES,danger_ratio=68.9% > 50.0%; tc_ratio=0.00% < 1.0%
2026-01-09,150,82.67,16.67,66.00,17.33,RANGE_CHOP_HIGH,YES,NO,danger_ratio=82.7% > 50.0%; TC_EVENT_DAY
2026-01-12,149,62.42,0.00,62.42,37.58,RANGE_CHOP_MID,YES,YES,danger_ratio=62.4% > 50.0%; tc_ratio=0.00% < 1.0%
2026-01-13,159,93.71,0.00,93.71,6.29,RANGE_CHOP_HIGH,YES,YES,danger_ratio=93.7% > 50.0%; tc_ratio=0.00% < 1.0%
2026-01-14,160,79.38,0.00,79.38,20.62,RANGE_CHOP_HIGH,YES,YES,danger_ratio=79.4% > 50.0%; tc_ratio=0.00% < 1.0%
2026-01-15,165,86.06,0.00,86.06,13.94,RANGE_CHOP_HIGH,YES,YES,danger_ratio=86.1% > 50.0%; tc_ratio=0.00% < 1.0%
2026-01-16,154,85.06,0.00,85.06,14.94,RANGE_CHOP_HIGH,YES,YES,danger_ratio=85.1% > 50.0%; tc_ratio=0.00% < 1.0%
2026-01-19,162,75.31,0.00,75.31,24.69,RANGE_CHOP_HIGH,YES,YES,danger_ratio=75.3% > 50.0%; tc_ratio=0.00% < 1.0%
2026-01-20,163,93.87,0.00,93.87,6.13,RANGE_CHOP_HIGH,YES,YES,danger_ratio=93.9% > 50.0%; tc_ratio=0.00% < 1.0%
2026-01-21,157,74.52,0.00,74.52,25.48,RANGE_CHOP_HIGH,YES,YES,danger_ratio=74.5% > 50.0%; tc_ratio=0.00% < 1.0%
2026-01-22,161,77.02,0.00,77.02,22.98,RANGE_CHOP_HIGH,YES,YES,danger_ratio=77.0% > 50.0%; tc_ratio=0.00% < 1.0%
2026-01-23,159,71.70,0.00,71.70,28.30,RANGE_CHOP_HIGH,YES,YES,danger_ratio=71.7% > 50.0%; tc_ratio=0.00% < 1.0%
2026-01-26,51,45.10,3.92,41.18,54.90,RANGE_CHOP_LOW,NO,NO,TC_EVENT_DAY
2026-01-27,54,62.96,0.00,62.96,37.04,RANGE_CHOP_MID,YES,YES,danger_ratio=63.0% > 50.0%; tc_ratio=0.00% < 1.0%
2026-01-28,53,67.92,0.00,67.92,32.08,RANGE_CHOP_MID,YES,YES,danger_ratio=67.9% > 50.0%; tc_ratio=0.00% < 1.0%
2026-01-29,55,67.27,0.00,67.27,32.73,RANGE_CHOP_MID,YES,YES,danger_ratio=67.3% > 50.0%; tc_ratio=0.00% < 1.0%
2026-01-30,55,61.82,0.00,61.82,38.18,RANGE_CHOP_MID,YES,YES,danger_ratio=61.8% > 50.0%; tc_ratio=0.00% < 1.0%
2026-02-02,52,80.77,0.00,80.77,19.23,RANGE_CHOP_HIGH,YES,YES,danger_ratio=80.8% > 50.0%; tc_ratio=0.00% < 1.0%
2026-02-03,52,44.23,0.00,44.23,46.15,RANGE_CHOP_LOW,NO,YES,tc_ratio=0.00% < 1.0%
2026-02-04,52,78.85,0.00,78.85,19.23,RANGE_CHOP_HIGH,YES,YES,danger_ratio=78.8% > 50.0%; tc_ratio=0.00% < 1.0%
2026-02-05,50,68.00,0.00,68.00,32.00,RANGE_CHOP_MID,YES,YES,danger_ratio=68.0% > 50.0%; tc_ratio=0.00% < 1.0%
2026-02-06,56,51.79,0.00,51.79,46.43,RANGE_CHOP_MID,YES,YES,danger_ratio=51.8% > 50.0%; tc_ratio=0.00% < 1.0%
2026-02-09,57,42.11,0.00,42.11,49.12,RANGE_CHOP_LOW,NO,YES,tc_ratio=0.00% < 1.0%
2026-02-10,56,92.86,0.00,92.86,7.14,RANGE_CHOP_HIGH,YES,YES,danger_ratio=92.9% > 50.0%; tc_ratio=0.00% < 1.0%
2026-02-11,57,52.63,0.00,52.63,47.37,RANGE_CHOP_MID,YES,YES,danger_ratio=52.6% > 50.0%; tc_ratio=0.00% < 1.0%
2026-02-12,57,71.93,0.00,71.93,28.07,RANGE_CHOP_HIGH,YES,YES,danger_ratio=71.9% > 50.0%; tc_ratio=0.00% < 1.0%
2026-02-13,59,61.02,0.00,61.02,38.98,RANGE_CHOP_MID,YES,YES,danger_ratio=61.0% > 50.0%; tc_ratio=0.00% < 1.0%
2026-02-24,56,53.57,0.00,53.57,39.29,RANGE_CHOP_MID,YES,YES,danger_ratio=53.6% > 50.0%; tc_ratio=0.00% < 1.0%
2026-02-25,57,63.16,0.00,63.16,29.82,RANGE_CHOP_MID,YES,YES,danger_ratio=63.2% > 50.0%; tc_ratio=0.00% < 1.0%
2026-02-26,60,78.33,0.00,78.33,21.67,RANGE_CHOP_HIGH,YES,YES,danger_ratio=78.3% > 50.0%; tc_ratio=0.00% < 1.0%
2026-02-27,59,49.15,0.00,49.15,49.15,RANGE_CHOP_LOW,NO,YES,tc_ratio=0.00% < 1.0%
2026-03-02,58,94.83,0.00,94.83,5.17,RANGE_CHOP_HIGH,YES,YES,danger_ratio=94.8% > 50.0%; tc_ratio=0.00% < 1.0%
2026-03-03,51,70.59,0.00,70.59,29.41,RANGE_CHOP_HIGH,YES,YES,danger_ratio=70.6% > 50.0%; tc_ratio=0.00% < 1.0%
2026-03-04,54,50.00,0.00,50.00,50.00,RANGE_CHOP_MID,NO,YES,tc_ratio=0.00% < 1.0%
2026-03-05,56,42.86,0.00,42.86,50.00,RANGE_CHOP_LOW,NO,YES,tc_ratio=0.00% < 1.0%
2026-03-06,55,52.73,0.00,52.73,41.82,RANGE_CHOP_MID,YES,YES,danger_ratio=52.7% > 50.0%; tc_ratio=0.00% < 1.0%
2026-03-09,54,87.04,0.00,87.04,12.96,RANGE_CHOP_HIGH,YES,YES,danger_ratio=87.0% > 50.0%; tc_ratio=0.00% < 1.0%
2026-03-10,55,45.45,0.00,45.45,47.27,RANGE_CHOP_LOW,NO,YES,tc_ratio=0.00% < 1.0%
2026-03-11,58,87.93,0.00,87.93,12.07,RANGE_CHOP_HIGH,YES,YES,danger_ratio=87.9% > 50.0%; tc_ratio=0.00% < 1.0%
2026-03-12,54,66.67,0.00,66.67,33.33,RANGE_CHOP_MID,YES,YES,danger_ratio=66.7% > 50.0%; tc_ratio=0.00% < 1.0%
2026-03-13,53,64.15,0.00,64.15,35.85,RANGE_CHOP_MID,YES,YES,danger_ratio=64.2% > 50.0%; tc_ratio=0.00% < 1.0%
2026-03-16,55,52.73,0.00,52.73,47.27,RANGE_CHOP_MID,YES,YES,danger_ratio=52.7% > 50.0%; tc_ratio=0.00% < 1.0%
2026-03-17,57,87.72,0.00,87.72,12.28,RANGE_CHOP_HIGH,YES,YES,danger_ratio=87.7% > 50.0%; tc_ratio=0.00% < 1.0%
2026-03-18,58,48.28,0.00,48.28,51.72,RANGE_CHOP_LOW,NO,YES,tc_ratio=0.00% < 1.0%
2026-03-19,58,91.38,0.00,91.38,8.62,RANGE_CHOP_HIGH,YES,YES,danger_ratio=91.4% > 50.0%; tc_ratio=0.00% < 1.0%
2026-03-20,57,57.89,0.00,57.89,42.11,RANGE_CHOP_MID,YES,YES,danger_ratio=57.9% > 50.0%; tc_ratio=0.00% < 1.0%
2026-03-23,54,79.63,0.00,79.63,20.37,RANGE_CHOP_HIGH,YES,YES,danger_ratio=79.6% > 50.0%; tc_ratio=0.00% < 1.0%
2026-03-24,60,46.67,0.00,46.67,45.00,RANGE_CHOP_LOW,NO,YES,tc_ratio=0.00% < 1.0%
2026-03-25,61,80.33,0.00,80.33,11.48,RANGE_CHOP_HIGH,YES,YES,danger_ratio=80.3% > 50.0%; tc_ratio=0.00% < 1.0%
2026-03-26,58,70.69,0.00,70.69,29.31,RANGE_CHOP_HIGH,YES,YES,danger_ratio=70.7% > 50.0%; tc_ratio=0.00% < 1.0%
2026-03-27,57,43.86,0.00,43.86,49.12,RANGE_CHOP_LOW,NO,YES,tc_ratio=0.00% < 1.0%
2026-03-30,63,93.65,0.00,93.65,6.35,RANGE_CHOP_HIGH,YES,YES,danger_ratio=93.7% > 50.0%; tc_ratio=0.00% < 1.0%
2026-03-31,57,54.39,0.00,54.39,45.61,RANGE_CHOP_MID,YES,YES,danger_ratio=54.4% > 50.0%; tc_ratio=0.00% < 1.0%
2026-04-01,57,45.61,0.00,45.61,47.37,RANGE_CHOP_LOW,NO,YES,tc_ratio=0.00% < 1.0%
2026-04-02,55,92.73,0.00,92.73,7.27,RANGE_CHOP_HIGH,YES,YES,danger_ratio=92.7% > 50.0%; tc_ratio=0.00% < 1.0%
2026-04-03,55,61.82,0.00,61.82,38.18,RANGE_CHOP_MID,YES,YES,danger_ratio=61.8% > 50.0%; tc_ratio=0.00% < 1.0%
2026-04-07,59,47.46,0.00,47.46,47.46,RANGE_CHOP_LOW,NO,YES,tc_ratio=0.00% < 1.0%
2026-04-08,56,62.50,0.00,62.50,28.57,RANGE_CHOP_MID,YES,YES,danger_ratio=62.5% > 50.0%; tc_ratio=0.00% < 1.0%
2026-04-09,56,87.50,0.00,87.50,12.50,RANGE_CHOP_HIGH,YES,YES,danger_ratio=87.5% > 50.0%; tc_ratio=0.00% < 1.0%
2026-04-10,54,44.44,0.00,44.44,48.15,RANGE_CHOP_LOW,NO,YES,tc_ratio=0.00% < 1.0%
2026-04-13,49,85.71,0.00,85.71,14.29,RANGE_CHOP_HIGH,YES,YES,danger_ratio=85.7% > 50.0%; tc_ratio=0.00% < 1.0%
2026-04-14,38,31.58,0.00,31.58,57.89,RANGE_CHOP_LOW,NO,YES,tc_ratio=0.00% < 1.0%
2026-04-15,46,89.13,0.00,89.13,10.87,RANGE_CHOP_HIGH,YES,YES,danger_ratio=89.1% > 50.0%; tc_ratio=0.00% < 1.0%
2026-04-16,41,29.27,0.00,29.27,58.54,RANGE_CHOP_LOW,NO,YES,tc_ratio=0.00% < 1.0%
2026-04-17,61,85.25,0.00,85.25,13.11,RANGE_CHOP_HIGH,YES,YES,danger_ratio=85.2% > 50.0%; tc_ratio=0.00% < 1.0%
2026-04-20,60,55.00,0.00,55.00,38.33,RANGE_CHOP_MID,YES,YES,danger_ratio=55.0% > 50.0%; tc_ratio=0.00% < 1.0%
2026-04-21,60,88.33,0.00,88.33,11.67,RANGE_CHOP_HIGH,YES,YES,danger_ratio=88.3% > 50.0%; tc_ratio=0.00% < 1.0%
2026-04-22,54,57.41,0.00,57.41,40.74,RANGE_CHOP_MID,YES,YES,danger_ratio=57.4% > 50.0%; tc_ratio=0.00% < 1.0%
2026-04-23,67,100.00,0.00,100.00,0.00,DEFENSIVE_SHIFT,YES,YES,danger_ratio=100.0% > 50.0%; tc_ratio=0.00% < 1.0%
2026-04-24,30,23.33,0.00,23.33,76.67,RANGE_CHOP_LOW,NO,YES,tc_ratio=0.00% < 1.0%
2026-04-27,30,10.00,0.00,10.00,90.00,RANGE_CHOP_LOW,NO,YES,tc_ratio=0.00% < 1.0%
2026-04-28,30,90.00,0.00,90.00,10.00,RANGE_CHOP_HIGH,YES,YES,danger_ratio=90.0% > 50.0%; tc_ratio=0.00% < 1.0%
2026-04-29,30,6.67,0.00,6.67,93.33,RANGE_CHOP_LOW,NO,YES,tc_ratio=0.00% < 1.0%
2026-04-30,30,86.67,0.00,86.67,13.33,RANGE_CHOP_HIGH,YES,YES,danger_ratio=86.7% > 50.0%; tc_ratio=0.00% < 1.0%