asof_date,src,v8_local_industry_id,v8_local_industry_name,v8_parent_id,v8_parent_name,v7_sw_l1_code,v7_sw_l1_name,v7_parent_code,v7_parent_name,mapping_type,manual_review_flag,shared_symbol_count,v8_symbol_count,v7_symbol_count,jaccard_score,coverage_vs_v8,coverage_vs_v7,decision_reason
2026-05-15,SW2014,850111.SI,850111.SI,,,801010.SI,农林牧渔,0,,ONE_TO_ONE,0,8,10,126,0.0625,0.8,0.063492,usable_parent_match
2026-05-15,SW2014,850112.SI,850112.SI,,,801010.SI,农林牧渔,0,,MANUAL_REVIEW,1,7,12,126,0.053435,0.583333,0.055556,low_overlap
2026-05-15,SW2014,850113.SI,850113.SI,,,801010.SI,农林牧渔,0,,ONE_TO_ONE,0,8,9,126,0.062992,0.888889,0.063492,high_v8_coverage_single_parent
2026-05-15,SW2014,850121.SI,850121.SI,,,801010.SI,农林牧渔,0,,ONE_TO_ONE,0,2,2,126,0.015873,1.0,0.015873,high_v8_coverage_single_parent
2026-05-15,SW2014,850122.SI,850122.SI,,,801010.SI,农林牧渔,0,,ONE_TO_ONE,0,7,11,126,0.053846,0.636364,0.055556,usable_parent_match
2026-05-15,SW2014,850131.SI,850131.SI,,,801010.SI,农林牧渔,0,,MANUAL_REVIEW,1,4,7,126,0.031008,0.571429,0.031746,low_overlap
2026-05-15,SW2014,850135.SI,850135.SI,,,801030.SI,化工,0,,ONE_TO_ONE,0,22,22,455,0.048352,1.0,0.048352,high_v8_coverage_single_parent
2026-05-15,SW2014,850136.SI,850136.SI,,,801030.SI,化工,0,,ONE_TO_ONE,0,11,11,455,0.024176,1.0,0.024176,high_v8_coverage_single_parent
2026-05-15,SW2014,850142.SI,850142.SI,,,801010.SI,农林牧渔,0,,ONE_TO_ONE,0,10,10,126,0.079365,1.0,0.079365,high_v8_coverage_single_parent
2026-05-15,SW2014,850151.SI,850151.SI,,,801010.SI,农林牧渔,0,,ONE_TO_ONE,0,6,9,126,0.046512,0.666667,0.047619,usable_parent_match
2026-05-15,SW2014,850152.SI,850152.SI,,,801010.SI,农林牧渔,0,,MANUAL_REVIEW,1,8,15,126,0.06015,0.533333,0.063492,low_overlap
2026-05-15,SW2014,850154.SI,850154.SI,,,801010.SI,农林牧渔,0,,ONE_TO_ONE,0,12,19,126,0.090226,0.631579,0.095238,usable_parent_match
2026-05-15,SW2014,850172.SI,850172.SI,,,801010.SI,农林牧渔,0,,ONE_TO_ONE,0,12,12,126,0.095238,1.0,0.095238,high_v8_coverage_single_parent
2026-05-15,SW2014,850173.SI,850173.SI,,,801010.SI,农林牧渔,0,,ONE_TO_ONE,0,8,8,126,0.063492,1.0,0.063492,high_v8_coverage_single_parent
2026-05-15,SW2014,850181.SI,850181.SI,,,801010.SI,农林牧渔,0,,ONE_TO_ONE,0,12,16,126,0.092308,0.75,0.095238,usable_parent_match
2026-05-15,SW2014,850232.SI,850232.SI,,,801880.SI,汽车,0,,ONE_TO_ONE,0,8,11,325,0.02439,0.727273,0.024615,usable_parent_match
2026-05-15,SW2014,850233.SI,850233.SI,,,801880.SI,汽车,0,,ONE_TO_ONE,0,7,7,325,0.021538,1.0,0.021538,high_v8_coverage_single_parent
2026-05-15,SW2014,850321.SI,850321.SI,,,801760.SI,传媒,0,,MANUAL_REVIEW,1,2,9,156,0.01227,0.222222,0.012821,low_overlap
2026-05-15,SW2014,850322.SI,850322.SI,,,801030.SI,化工,0,,ONE_TO_ONE,0,23,30,455,0.049784,0.766667,0.050549,usable_parent_match
2026-05-15,SW2014,850323.SI,850323.SI,,,801030.SI,化工,0,,ONE_TO_ONE,0,14,20,455,0.030369,0.7,0.030769,usable_parent_match
2026-05-15,SW2014,850324.SI,850324.SI,,,801030.SI,化工,0,,ONE_TO_ONE,0,20,24,455,0.043573,0.833333,0.043956,usable_parent_match
2026-05-15,SW2014,850325.SI,850325.SI,,,801030.SI,化工,0,,ONE_TO_ONE,0,9,9,455,0.01978,1.0,0.01978,high_v8_coverage_single_parent
2026-05-15,SW2014,850326.SI,850326.SI,,,801030.SI,化工,0,,ONE_TO_ONE,0,6,6,455,0.013187,1.0,0.013187,high_v8_coverage_single_parent
2026-05-15,SW2014,850331.SI,850331.SI,,,801030.SI,化工,0,,ONE_TO_ONE,0,16,23,455,0.034632,0.695652,0.035165,usable_parent_match
2026-05-15,SW2014,850332.SI,850332.SI,,,801030.SI,化工,0,,ONE_TO_ONE,0,11,12,455,0.024123,0.916667,0.024176,high_v8_coverage_single_parent
2026-05-15,SW2014,850333.SI,850333.SI,,,801030.SI,化工,0,,ONE_TO_ONE,0,32,44,455,0.068522,0.727273,0.07033,usable_parent_match
2026-05-15,SW2014,850335.SI,850335.SI,,,801030.SI,化工,0,,ONE_TO_ONE,0,20,33,455,0.042735,0.606061,0.043956,usable_parent_match
2026-05-15,SW2014,850336.SI,850336.SI,,,801030.SI,化工,0,,MANUAL_REVIEW,1,4,7,455,0.008734,0.571429,0.008791,low_overlap
2026-05-15,SW2014,850337.SI,850337.SI,,,801030.SI,化工,0,,ONE_TO_ONE,0,14,16,455,0.030635,0.875,0.030769,high_v8_coverage_single_parent
2026-05-15,SW2014,850338.SI,850338.SI,,,801030.SI,化工,0,,ONE_TO_ONE,0,17,18,455,0.037281,0.944444,0.037363,high_v8_coverage_single_parent
2026-05-15,SW2014,850339.SI,850339.SI,,,801030.SI,化工,0,,ONE_TO_ONE,0,117,165,455,0.232604,0.709091,0.257143,usable_parent_match
2026-05-15,SW2014,850341.SI,850341.SI,,,801030.SI,化工,0,,MANUAL_REVIEW,1,12,29,455,0.025424,0.413793,0.026374,low_overlap
2026-05-15,SW2014,850343.SI,850343.SI,,,801030.SI,化工,0,,MANUAL_REVIEW,1,6,11,455,0.013043,0.545455,0.013187,low_overlap
2026-05-15,SW2014,850344.SI,850344.SI,,,801030.SI,化工,0,,MANUAL_REVIEW,1,7,13,455,0.015184,0.538462,0.015385,low_overlap
2026-05-15,SW2014,850345.SI,850345.SI,,,801030.SI,化工,0,,ONE_TO_ONE,0,2,3,455,0.004386,0.666667,0.004396,usable_parent_match
2026-05-15,SW2014,850351.SI,850351.SI,,,801030.SI,化工,0,,ONE_TO_ONE,0,43,61,455,0.090909,0.704918,0.094505,usable_parent_match
2026-05-15,SW2014,850353.SI,850353.SI,,,801030.SI,化工,0,,ONE_TO_ONE,0,18,19,455,0.039474,0.947368,0.03956,high_v8_coverage_single_parent
2026-05-15,SW2014,850354.SI,850354.SI,,,801030.SI,化工,0,,ONE_TO_ONE,0,15,15,455,0.032967,1.0,0.032967,high_v8_coverage_single_parent
2026-05-15,SW2014,850355.SI,850355.SI,,,801030.SI,化工,0,,ONE_TO_ONE,0,21,21,455,0.046154,1.0,0.046154,high_v8_coverage_single_parent
2026-05-15,SW2014,850362.SI,850362.SI,,,801030.SI,化工,0,,ONE_TO_ONE,0,12,16,455,0.026144,0.75,0.026374,usable_parent_match
2026-05-15,SW2014,850363.SI,850363.SI,,,801030.SI,化工,0,,ONE_TO_ONE,0,6,8,455,0.013129,0.75,0.013187,usable_parent_match
2026-05-15,SW2014,850372.SI,850372.SI,,,801030.SI,化工,0,,ONE_TO_ONE,0,15,20,455,0.032609,0.75,0.032967,usable_parent_match
2026-05-15,SW2014,850381.SI,850381.SI,,,801030.SI,化工,0,,ONE_TO_ONE,0,11,11,455,0.024176,1.0,0.024176,high_v8_coverage_single_parent
2026-05-15,SW2014,850382.SI,850382.SI,,,801030.SI,化工,0,,ONE_TO_ONE,0,10,11,455,0.02193,0.909091,0.021978,high_v8_coverage_single_parent
2026-05-15,SW2014,850442.SI,850442.SI,,,801040.SI,钢铁,0,,ONE_TO_ONE,0,17,18,50,0.333333,0.944444,0.34,high_v8_coverage_single_parent
2026-05-15,SW2014,850521.SI,850521.SI,,,801050.SI,有色金属,0,,ONE_TO_ONE,0,28,45,160,0.158192,0.622222,0.175,usable_parent_match
2026-05-15,SW2014,850522.SI,850522.SI,,,801050.SI,有色金属,0,,ONE_TO_ONE,0,15,21,160,0.090361,0.714286,0.09375,usable_parent_match
2026-05-15,SW2014,850523.SI,850523.SI,,,801030.SI,化工,0,,MANUAL_REVIEW,1,10,19,455,0.021552,0.526316,0.021978,low_overlap
2026-05-15,SW2014,850531.SI,850531.SI,,,801050.SI,有色金属,0,,ONE_TO_ONE,0,15,19,160,0.091463,0.789474,0.09375,usable_parent_match
2026-05-15,SW2014,850541.SI,850541.SI,,,801050.SI,有色金属,0,,ONE_TO_ONE,0,4,5,160,0.024845,0.8,0.025,usable_parent_match
2026-05-15,SW2014,850542.SI,850542.SI,,,801050.SI,有色金属,0,,ONE_TO_ONE,0,4,4,160,0.025,1.0,0.025,high_v8_coverage_single_parent
2026-05-15,SW2014,850543.SI,850543.SI,,,801050.SI,有色金属,0,,ONE_TO_ONE,0,5,5,160,0.03125,1.0,0.03125,high_v8_coverage_single_parent
2026-05-15,SW2014,850544.SI,850544.SI,,,801050.SI,有色金属,0,,ONE_TO_ONE,0,28,31,160,0.171779,0.903226,0.175,high_v8_coverage_single_parent
2026-05-15,SW2014,850551.SI,850551.SI,,,801050.SI,有色金属,0,,ONE_TO_ONE,0,31,37,160,0.186747,0.837838,0.19375,usable_parent_match
2026-05-15,SW2014,850552.SI,850552.SI,,,801050.SI,有色金属,0,,ONE_TO_ONE,0,20,27,160,0.11976,0.740741,0.125,usable_parent_match
2026-05-15,SW2014,850553.SI,850553.SI,,,801050.SI,有色金属,0,,ONE_TO_ONE,0,16,17,160,0.099379,0.941176,0.1,high_v8_coverage_single_parent
2026-05-15,SW2014,850614.SI,850614.SI,,,801710.SI,建筑材料,0,,MANUAL_REVIEW,1,31,61,80,0.281818,0.508197,0.3875,borderline_overlap
2026-05-15,SW2014,850615.SI,850615.SI,,,801710.SI,建筑材料,0,,ONE_TO_ONE,0,6,8,80,0.073171,0.75,0.075,usable_parent_match
2026-05-15,SW2014,850616.SI,850616.SI,,,801710.SI,建筑材料,0,,ONE_TO_ONE,0,11,12,80,0.135802,0.916667,0.1375,high_v8_coverage_single_parent
2026-05-15,SW2014,850623.SI,850623.SI,,,801720.SI,建筑装饰,0,,ONE_TO_ONE,0,23,26,176,0.128492,0.884615,0.130682,high_v8_coverage_single_parent
2026-05-15,SW2014,850702.SI,850702.SI,,,801750.SI,计算机,0,,ONE_TO_ONE,0,25,25,379,0.065963,1.0,0.065963,high_v8_coverage_single_parent
2026-05-15,SW2014,850703.SI,850703.SI,,,801750.SI,计算机,0,,ONE_TO_ONE,0,63,65,379,0.165354,0.969231,0.166227,high_v8_coverage_single_parent
2026-05-15,SW2014,850711.SI,850711.SI,,,801890.SI,机械设备,0,,ONE_TO_ONE,0,24,28,614,0.038835,0.857143,0.039088,high_v8_coverage_single_parent
2026-05-15,SW2014,850713.SI,850713.SI,,,801890.SI,机械设备,0,,ONE_TO_ONE,0,19,28,614,0.030498,0.678571,0.030945,usable_parent_match
2026-05-15,SW2014,850715.SI,850715.SI,,,801890.SI,机械设备,0,,ONE_TO_ONE,0,18,23,614,0.029079,0.782609,0.029316,usable_parent_match
2026-05-15,SW2014,850716.SI,850716.SI,,,801890.SI,机械设备,0,,ONE_TO_ONE,0,73,89,614,0.115873,0.820225,0.118893,usable_parent_match
2026-05-15,SW2014,850721.SI,850721.SI,,,801890.SI,机械设备,0,,ONE_TO_ONE,0,14,18,614,0.022654,0.777778,0.022801,usable_parent_match
2026-05-15,SW2014,850723.SI,850723.SI,,,801890.SI,机械设备,0,,ONE_TO_ONE,0,4,5,614,0.006504,0.8,0.006515,usable_parent_match
2026-05-15,SW2014,850725.SI,850725.SI,,,801890.SI,机械设备,0,,ONE_TO_ONE,0,56,67,614,0.0896,0.835821,0.091205,usable_parent_match
2026-05-15,SW2014,850726.SI,850726.SI,,,801890.SI,机械设备,0,,ONE_TO_ONE,0,11,14,614,0.017828,0.785714,0.017915,usable_parent_match
2026-05-15,SW2014,850727.SI,850727.SI,,,801890.SI,机械设备,0,,ONE_TO_ONE,0,111,154,614,0.16895,0.720779,0.180782,usable_parent_match
2026-05-15,SW2014,850728.SI,850728.SI,,,801890.SI,机械设备,0,,ONE_TO_ONE,0,15,20,614,0.024233,0.75,0.02443,usable_parent_match
2026-05-15,SW2014,850731.SI,850731.SI,,,801890.SI,机械设备,0,,ONE_TO_ONE,0,54,80,614,0.084375,0.675,0.087948,usable_parent_match
2026-05-15,SW2014,850741.SI,850741.SI,,,801730.SI,电气设备,0,,ONE_TO_ONE,0,27,31,421,0.063529,0.870968,0.064133,high_v8_coverage_single_parent
2026-05-15,SW2014,850751.SI,850751.SI,,,801890.SI,机械设备,0,,ONE_TO_ONE,0,77,101,614,0.12069,0.762376,0.125407,usable_parent_match
2026-05-15,SW2014,850771.SI,850771.SI,,,801890.SI,机械设备,0,,ONE_TO_ONE,0,19,21,614,0.030844,0.904762,0.030945,high_v8_coverage_single_parent
2026-05-15,SW2014,850772.SI,850772.SI,,,801890.SI,机械设备,0,,ONE_TO_ONE,0,11,11,614,0.017915,1.0,0.017915,high_v8_coverage_single_parent
2026-05-15,SW2014,850781.SI,850781.SI,,,801890.SI,机械设备,0,,ONE_TO_ONE,0,19,20,614,0.030894,0.95,0.030945,high_v8_coverage_single_parent
2026-05-15,SW2014,850782.SI,850782.SI,,,801890.SI,机械设备,0,,ONE_TO_ONE,0,27,29,614,0.043831,0.931034,0.043974,high_v8_coverage_single_parent
2026-05-15,SW2014,850783.SI,850783.SI,,,801890.SI,机械设备,0,,ONE_TO_ONE,0,10,12,614,0.016234,0.833333,0.016287,usable_parent_match
2026-05-15,SW2014,850784.SI,850784.SI,,,801890.SI,机械设备,0,,ONE_TO_ONE,0,25,25,614,0.040717,1.0,0.040717,high_v8_coverage_single_parent
2026-05-15,SW2014,850812.SI,850812.SI,,,801080.SI,电子,0,,ONE_TO_ONE,0,28,30,514,0.054264,0.933333,0.054475,high_v8_coverage_single_parent
2026-05-15,SW2014,850813.SI,850813.SI,,,801080.SI,电子,0,,ONE_TO_ONE,0,28,32,514,0.054054,0.875,0.054475,high_v8_coverage_single_parent
2026-05-15,SW2014,850814.SI,850814.SI,,,801080.SI,电子,0,,ONE_TO_ONE,0,52,54,514,0.100775,0.962963,0.101167,high_v8_coverage_single_parent
2026-05-15,SW2014,850815.SI,850815.SI,,,801080.SI,电子,0,,ONE_TO_ONE,0,35,35,514,0.068093,1.0,0.068093,high_v8_coverage_single_parent
2026-05-15,SW2014,850817.SI,850817.SI,,,801080.SI,电子,0,,ONE_TO_ONE,0,13,14,514,0.025243,0.928571,0.025292,high_v8_coverage_single_parent
2026-05-15,SW2014,850818.SI,850818.SI,,,801080.SI,电子,0,,ONE_TO_ONE,0,25,25,514,0.048638,1.0,0.048638,high_v8_coverage_single_parent
2026-05-15,SW2014,850822.SI,850822.SI,,,801080.SI,电子,0,,ONE_TO_ONE,0,46,46,514,0.089494,1.0,0.089494,high_v8_coverage_single_parent
2026-05-15,SW2014,850823.SI,850823.SI,,,801080.SI,电子,0,,ONE_TO_ONE,0,19,29,514,0.03626,0.655172,0.036965,usable_parent_match
2026-05-15,SW2014,850831.SI,850831.SI,,,801080.SI,电子,0,,ONE_TO_ONE,0,51,63,514,0.096958,0.809524,0.099222,usable_parent_match
2026-05-15,SW2014,850832.SI,850832.SI,,,801080.SI,电子,0,,ONE_TO_ONE,0,34,46,514,0.064639,0.73913,0.066148,usable_parent_match
2026-05-15,SW2014,850833.SI,850833.SI,,,801080.SI,电子,0,,ONE_TO_ONE,0,26,30,514,0.050193,0.866667,0.050584,high_v8_coverage_single_parent
2026-05-15,SW2014,850841.SI,850841.SI,,,801080.SI,电子,0,,MANUAL_REVIEW,1,50,98,514,0.088968,0.510204,0.097276,low_overlap
2026-05-15,SW2014,850853.SI,850853.SI,,,801080.SI,电子,0,,ONE_TO_ONE,0,11,11,514,0.021401,1.0,0.021401,high_v8_coverage_single_parent
2026-05-15,SW2014,850854.SI,850854.SI,,,801080.SI,电子,0,,ONE_TO_ONE,0,88,98,514,0.167939,0.897959,0.171206,high_v8_coverage_single_parent
2026-05-15,SW2014,850861.SI,850861.SI,,,801080.SI,电子,0,,ONE_TO_ONE,0,34,37,514,0.065764,0.918919,0.066148,high_v8_coverage_single_parent
2026-05-15,SW2014,850912.SI,850912.SI,,,801880.SI,汽车,0,,ONE_TO_ONE,0,10,14,325,0.030395,0.714286,0.030769,usable_parent_match
2026-05-15,SW2014,850913.SI,850913.SI,,,801880.SI,汽车,0,,ONE_TO_ONE,0,7,9,325,0.021407,0.777778,0.021538,usable_parent_match
2026-05-15,SW2014,850922.SI,850922.SI,,,801880.SI,汽车,0,,ONE_TO_ONE,0,38,39,325,0.116564,0.974359,0.116923,high_v8_coverage_single_parent
2026-05-15,SW2014,850923.SI,850923.SI,,,801880.SI,汽车,0,,ONE_TO_ONE,0,91,94,325,0.277439,0.968085,0.28,high_v8_coverage_single_parent
2026-05-15,SW2014,850924.SI,850924.SI,,,801880.SI,汽车,0,,ONE_TO_ONE,0,22,22,325,0.067692,1.0,0.067692,high_v8_coverage_single_parent
2026-05-15,SW2014,850925.SI,850925.SI,,,801880.SI,汽车,0,,ONE_TO_ONE,0,57,57,325,0.175385,1.0,0.175385,high_v8_coverage_single_parent
2026-05-15,SW2014,850926.SI,850926.SI,,,801880.SI,汽车,0,,ONE_TO_ONE,0,38,38,325,0.116923,1.0,0.116923,high_v8_coverage_single_parent
2026-05-15,SW2014,850935.SI,850935.SI,,,801740.SI,国防军工,0,,ONE_TO_ONE,0,12,15,149,0.078947,0.8,0.080537,usable_parent_match
2026-05-15,SW2014,850936.SI,850936.SI,,,801890.SI,机械设备,0,,ONE_TO_ONE,0,35,37,614,0.056818,0.945946,0.057003,high_v8_coverage_single_parent
2026-05-15,SW2014,850952.SI,850952.SI,,,801880.SI,汽车,0,,ONE_TO_ONE,0,7,8,325,0.021472,0.875,0.021538,high_v8_coverage_single_parent
2026-05-15,SW2014,851024.SI,851024.SI,,,801770.SI,通信,0,,ONE_TO_ONE,0,38,38,142,0.267606,1.0,0.267606,high_v8_coverage_single_parent
2026-05-15,SW2014,851025.SI,851025.SI,,,801770.SI,通信,0,,ONE_TO_ONE,0,12,12,142,0.084507,1.0,0.084507,high_v8_coverage_single_parent
2026-05-15,SW2014,851026.SI,851026.SI,,,801770.SI,通信,0,,ONE_TO_ONE,0,29,31,142,0.201389,0.935484,0.204225,high_v8_coverage_single_parent
2026-05-15,SW2014,851027.SI,851027.SI,,,801770.SI,通信,0,,ONE_TO_ONE,0,12,13,142,0.083916,0.923077,0.084507,high_v8_coverage_single_parent
2026-05-15,SW2014,851041.SI,851041.SI,,,801750.SI,计算机,0,,ONE_TO_ONE,0,98,99,379,0.257895,0.989899,0.258575,high_v8_coverage_single_parent
2026-05-15,SW2014,851042.SI,851042.SI,,,801750.SI,计算机,0,,ONE_TO_ONE,0,36,36,379,0.094987,1.0,0.094987,high_v8_coverage_single_parent
2026-05-15,SW2014,851112.SI,851112.SI,,,801110.SI,家用电器,0,,ONE_TO_ONE,0,9,12,108,0.081081,0.75,0.083333,usable_parent_match
2026-05-15,SW2014,851116.SI,851116.SI,,,801110.SI,家用电器,0,,ONE_TO_ONE,0,7,7,108,0.064815,1.0,0.064815,high_v8_coverage_single_parent
2026-05-15,SW2014,851121.SI,851121.SI,,,801110.SI,家用电器,0,,MANUAL_REVIEW,1,6,11,108,0.053097,0.545455,0.055556,low_overlap
2026-05-15,SW2014,851122.SI,851122.SI,,,801110.SI,家用电器,0,,MANUAL_REVIEW,1,7,15,108,0.060345,0.466667,0.064815,low_overlap
2026-05-15,SW2014,851131.SI,851131.SI,,,801110.SI,家用电器,0,,ONE_TO_ONE,0,12,12,108,0.111111,1.0,0.111111,high_v8_coverage_single_parent
2026-05-15,SW2014,851141.SI,851141.SI,,,801110.SI,家用电器,0,,ONE_TO_ONE,0,6,6,108,0.055556,1.0,0.055556,high_v8_coverage_single_parent
2026-05-15,SW2014,851151.SI,851151.SI,,,801110.SI,家用电器,0,,ONE_TO_ONE,0,12,12,108,0.111111,1.0,0.111111,high_v8_coverage_single_parent
2026-05-15,SW2014,851161.SI,851161.SI,,,801110.SI,家用电器,0,,ONE_TO_ONE,0,30,33,108,0.27027,0.909091,0.277778,high_v8_coverage_single_parent
2026-05-15,SW2014,851232.SI,851232.SI,,,801120.SI,食品饮料,0,,ONE_TO_ONE,0,7,9,129,0.053435,0.777778,0.054264,usable_parent_match
2026-05-15,SW2014,851233.SI,851233.SI,,,801120.SI,食品饮料,0,,ONE_TO_ONE,0,10,11,129,0.076923,0.909091,0.077519,high_v8_coverage_single_parent
2026-05-15,SW2014,851241.SI,851241.SI,,,801120.SI,食品饮料,0,,ONE_TO_ONE,0,9,9,129,0.069767,1.0,0.069767,high_v8_coverage_single_parent
2026-05-15,SW2014,851242.SI,851242.SI,,,801120.SI,食品饮料,0,,ONE_TO_ONE,0,14,16,129,0.10687,0.875,0.108527,high_v8_coverage_single_parent
2026-05-15,SW2014,851243.SI,851243.SI,,,801120.SI,食品饮料,0,,ONE_TO_ONE,0,20,20,129,0.155039,1.0,0.155039,high_v8_coverage_single_parent
2026-05-15,SW2014,851244.SI,851244.SI,,,801120.SI,食品饮料,0,,ONE_TO_ONE,0,38,47,129,0.275362,0.808511,0.294574,usable_parent_match
2026-05-15,SW2014,851246.SI,851246.SI,,,801120.SI,食品饮料,0,,ONE_TO_ONE,0,10,10,129,0.077519,1.0,0.077519,high_v8_coverage_single_parent
2026-05-15,SW2014,851247.SI,851247.SI,,,801120.SI,食品饮料,0,,ONE_TO_ONE,0,8,9,129,0.061538,0.888889,0.062016,high_v8_coverage_single_parent
2026-05-15,SW2014,851251.SI,851251.SI,,,801120.SI,食品饮料,0,,ONE_TO_ONE,0,20,20,129,0.155039,1.0,0.155039,high_v8_coverage_single_parent
2026-05-15,SW2014,851271.SI,851271.SI,,,801120.SI,食品饮料,0,,ONE_TO_ONE,0,8,8,129,0.062016,1.0,0.062016,high_v8_coverage_single_parent
2026-05-15,SW2014,851281.SI,851281.SI,,,801120.SI,食品饮料,0,,ONE_TO_ONE,0,10,11,129,0.076923,0.909091,0.077519,high_v8_coverage_single_parent
2026-05-15,SW2014,851282.SI,851282.SI,,,801120.SI,食品饮料,0,,ONE_TO_ONE,0,10,10,129,0.077519,1.0,0.077519,high_v8_coverage_single_parent
2026-05-15,SW2014,851312.SI,851312.SI,,,801130.SI,纺织服装,0,,MANUAL_REVIEW,1,16,32,120,0.117647,0.5,0.133333,low_overlap
2026-05-15,SW2014,851314.SI,851314.SI,,,801130.SI,纺织服装,0,,MANUAL_REVIEW,1,4,9,120,0.032,0.444444,0.033333,low_overlap
2026-05-15,SW2014,851315.SI,851315.SI,,,801130.SI,纺织服装,0,,MANUAL_REVIEW,1,3,6,120,0.02439,0.5,0.025,low_overlap
2026-05-15,SW2014,851316.SI,851316.SI,,,801130.SI,纺织服装,0,,ONE_TO_ONE,0,22,33,120,0.167939,0.666667,0.183333,usable_parent_match
2026-05-15,SW2014,851325.SI,851325.SI,,,801130.SI,纺织服装,0,,ONE_TO_ONE,0,20,21,120,0.165289,0.952381,0.166667,high_v8_coverage_single_parent
2026-05-15,SW2014,851326.SI,851326.SI,,,801130.SI,纺织服装,0,,ONE_TO_ONE,0,6,8,120,0.04918,0.75,0.05,usable_parent_match
2026-05-15,SW2014,851329.SI,851329.SI,,,801130.SI,纺织服装,0,,ONE_TO_ONE,0,42,43,120,0.347107,0.976744,0.35,high_v8_coverage_single_parent
2026-05-15,SW2014,851331.SI,851331.SI,,,801130.SI,纺织服装,0,,ONE_TO_ONE,0,15,15,120,0.125,1.0,0.125,high_v8_coverage_single_parent
2026-05-15,SW2014,851412.SI,851412.SI,,,801140.SI,轻工制造,0,,ONE_TO_ONE,0,11,12,172,0.063584,0.916667,0.063953,high_v8_coverage_single_parent
2026-05-15,SW2014,851413.SI,851413.SI,,,801140.SI,轻工制造,0,,ONE_TO_ONE,0,12,12,172,0.069767,1.0,0.069767,high_v8_coverage_single_parent
2026-05-15,SW2014,851422.SI,851422.SI,,,801140.SI,轻工制造,0,,ONE_TO_ONE,0,5,6,172,0.028902,0.833333,0.02907,usable_parent_match
2026-05-15,SW2014,851423.SI,851423.SI,,,801140.SI,轻工制造,0,,ONE_TO_ONE,0,7,7,172,0.040698,1.0,0.040698,high_v8_coverage_single_parent
2026-05-15,SW2014,851424.SI,851424.SI,,,801140.SI,轻工制造,0,,ONE_TO_ONE,0,6,6,172,0.034884,1.0,0.034884,high_v8_coverage_single_parent
2026-05-15,SW2014,851425.SI,851425.SI,,,801140.SI,轻工制造,0,,ONE_TO_ONE,0,19,20,172,0.109827,0.95,0.110465,high_v8_coverage_single_parent
2026-05-15,SW2014,851436.SI,851436.SI,,,801140.SI,轻工制造,0,,ONE_TO_ONE,0,15,15,172,0.087209,1.0,0.087209,high_v8_coverage_single_parent
2026-05-15,SW2014,851437.SI,851437.SI,,,801140.SI,轻工制造,0,,ONE_TO_ONE,0,16,16,172,0.093023,1.0,0.093023,high_v8_coverage_single_parent
2026-05-15,SW2014,851438.SI,851438.SI,,,801140.SI,轻工制造,0,,ONE_TO_ONE,0,14,15,172,0.080925,0.933333,0.081395,high_v8_coverage_single_parent
2026-05-15,SW2014,851439.SI,851439.SI,,,801140.SI,轻工制造,0,,ONE_TO_ONE,0,7,7,172,0.040698,1.0,0.040698,high_v8_coverage_single_parent
2026-05-15,SW2014,851452.SI,851452.SI,,,801140.SI,轻工制造,0,,ONE_TO_ONE,0,17,19,172,0.097701,0.894737,0.098837,high_v8_coverage_single_parent
2026-05-15,SW2014,851491.SI,851491.SI,,,801140.SI,轻工制造,0,,ONE_TO_ONE,0,23,25,172,0.132184,0.92,0.133721,high_v8_coverage_single_parent
2026-05-15,SW2014,851511.SI,851511.SI,,,801150.SI,医药生物,0,,ONE_TO_ONE,0,67,76,527,0.125,0.881579,0.127135,high_v8_coverage_single_parent
2026-05-15,SW2014,851512.SI,851512.SI,,,801150.SI,医药生物,0,,ONE_TO_ONE,0,134,141,527,0.250936,0.950355,0.254269,high_v8_coverage_single_parent
2026-05-15,SW2014,851521.SI,851521.SI,,,801150.SI,医药生物,0,,ONE_TO_ONE,0,84,93,527,0.156716,0.903226,0.159393,high_v8_coverage_single_parent
2026-05-15,SW2014,851522.SI,851522.SI,,,801150.SI,医药生物,0,,ONE_TO_ONE,0,8,8,527,0.01518,1.0,0.01518,high_v8_coverage_single_parent
2026-05-15,SW2014,851523.SI,851523.SI,,,801150.SI,医药生物,0,,ONE_TO_ONE,0,13,13,527,0.024668,1.0,0.024668,high_v8_coverage_single_parent
2026-05-15,SW2014,851524.SI,851524.SI,,,801150.SI,医药生物,0,,ONE_TO_ONE,0,37,38,527,0.070076,0.973684,0.070209,high_v8_coverage_single_parent
2026-05-15,SW2014,851532.SI,851532.SI,,,801150.SI,医药生物,0,,ONE_TO_ONE,0,41,41,527,0.077799,1.0,0.077799,high_v8_coverage_single_parent
2026-05-15,SW2014,851533.SI,851533.SI,,,801150.SI,医药生物,0,,ONE_TO_ONE,0,53,53,527,0.100569,1.0,0.100569,high_v8_coverage_single_parent
2026-05-15,SW2014,851534.SI,851534.SI,,,801150.SI,医药生物,0,,ONE_TO_ONE,0,44,44,527,0.083491,1.0,0.083491,high_v8_coverage_single_parent
2026-05-15,SW2014,851542.SI,851542.SI,,,801150.SI,医药生物,0,,ONE_TO_ONE,0,26,30,527,0.048964,0.866667,0.049336,high_v8_coverage_single_parent
2026-05-15,SW2014,851543.SI,851543.SI,,,801150.SI,医药生物,0,,ONE_TO_ONE,0,8,8,527,0.01518,1.0,0.01518,high_v8_coverage_single_parent
2026-05-15,SW2014,851563.SI,851563.SI,,,801150.SI,医药生物,0,,ONE_TO_ONE,0,32,32,527,0.060721,1.0,0.060721,high_v8_coverage_single_parent
2026-05-15,SW2014,851564.SI,851564.SI,,,801150.SI,医药生物,0,,ONE_TO_ONE,0,17,18,527,0.032197,0.944444,0.032258,high_v8_coverage_single_parent
2026-05-15,SW2014,851610.SI,851610.SI,,,801160.SI,公用事业,0,,ONE_TO_ONE,0,15,16,136,0.109489,0.9375,0.110294,high_v8_coverage_single_parent
2026-05-15,SW2014,851611.SI,851611.SI,,,801160.SI,公用事业,0,,ONE_TO_ONE,0,35,40,136,0.248227,0.875,0.257353,high_v8_coverage_single_parent
2026-05-15,SW2014,851612.SI,851612.SI,,,801160.SI,公用事业,0,,ONE_TO_ONE,0,21,22,136,0.153285,0.954545,0.154412,high_v8_coverage_single_parent
2026-05-15,SW2014,851614.SI,851614.SI,,,801160.SI,公用事业,0,,ONE_TO_ONE,0,22,29,136,0.153846,0.758621,0.161765,usable_parent_match
2026-05-15,SW2014,851616.SI,851616.SI,,,801160.SI,公用事业,0,,ONE_TO_ONE,0,14,16,136,0.101449,0.875,0.102941,high_v8_coverage_single_parent
2026-05-15,SW2014,851617.SI,851617.SI,,,801160.SI,公用事业,0,,ONE_TO_ONE,0,14,14,136,0.102941,1.0,0.102941,high_v8_coverage_single_parent
2026-05-15,SW2014,851631.SI,851631.SI,,,801160.SI,公用事业,0,,ONE_TO_ONE,0,30,34,136,0.214286,0.882353,0.220588,high_v8_coverage_single_parent
2026-05-15,SW2014,851711.SI,851711.SI,,,801170.SI,交通运输,0,,ONE_TO_ONE,0,19,21,144,0.130137,0.904762,0.131944,high_v8_coverage_single_parent
2026-05-15,SW2014,851721.SI,851721.SI,,,801170.SI,交通运输,0,,ONE_TO_ONE,0,28,37,144,0.183007,0.756757,0.194444,usable_parent_match
2026-05-15,SW2014,851731.SI,851731.SI,,,801170.SI,交通运输,0,,ONE_TO_ONE,0,28,36,144,0.184211,0.777778,0.194444,usable_parent_match
2026-05-15,SW2014,851741.SI,851741.SI,,,801170.SI,交通运输,0,,ONE_TO_ONE,0,10,10,144,0.069444,1.0,0.069444,high_v8_coverage_single_parent
2026-05-15,SW2014,851751.SI,851751.SI,,,801170.SI,交通运输,0,,ONE_TO_ONE,0,4,4,144,0.027778,1.0,0.027778,high_v8_coverage_single_parent
2026-05-15,SW2014,851761.SI,851761.SI,,,801170.SI,交通运输,0,,ONE_TO_ONE,0,19,23,144,0.128378,0.826087,0.131944,usable_parent_match
2026-05-15,SW2014,851771.SI,851771.SI,,,801170.SI,交通运输,0,,ONE_TO_ONE,0,8,10,144,0.054795,0.8,0.055556,usable_parent_match
2026-05-15,SW2014,851782.SI,851782.SI,,,801170.SI,交通运输,0,,ONE_TO_ONE,0,13,14,144,0.089655,0.928571,0.090278,high_v8_coverage_single_parent
2026-05-15,SW2014,851783.SI,851783.SI,,,801170.SI,交通运输,0,,ONE_TO_ONE,0,8,9,144,0.055172,0.888889,0.055556,high_v8_coverage_single_parent
2026-05-15,SW2014,851784.SI,851784.SI,,,801170.SI,交通运输,0,,ONE_TO_ONE,0,6,6,144,0.041667,1.0,0.041667,high_v8_coverage_single_parent
2026-05-15,SW2014,851785.SI,851785.SI,,,801170.SI,交通运输,0,,ONE_TO_ONE,0,11,11,144,0.076389,1.0,0.076389,high_v8_coverage_single_parent
2026-05-15,SW2014,851786.SI,851786.SI,,,801170.SI,交通运输,0,,ONE_TO_ONE,0,6,6,144,0.041667,1.0,0.041667,high_v8_coverage_single_parent
2026-05-15,SW2014,851787.SI,851787.SI,,,801170.SI,交通运输,0,,ONE_TO_ONE,0,7,8,144,0.048276,0.875,0.048611,high_v8_coverage_single_parent
2026-05-15,SW2014,851811.SI,851811.SI,,,801180.SI,房地产,0,,MANUAL_REVIEW,1,108,198,119,0.516746,0.545455,0.907563,borderline_overlap
2026-05-15,SW2014,851812.SI,851812.SI,,,801180.SI,房地产,0,,ONE_TO_ONE,0,11,11,119,0.092437,1.0,0.092437,high_v8_coverage_single_parent
2026-05-15,SW2014,851813.SI,851813.SI,,,801180.SI,房地产,0,,ONE_TO_ONE,0,10,12,119,0.082645,0.833333,0.084034,usable_parent_match
2026-05-15,SW2014,851831.SI,851831.SI,,,801180.SI,房地产,0,,ONE_TO_ONE,0,8,8,119,0.067227,1.0,0.067227,high_v8_coverage_single_parent
2026-05-15,SW2014,851922.SI,851922.SI,,,801790.SI,非银金融,0,,ONE_TO_ONE,0,13,13,95,0.136842,1.0,0.136842,high_v8_coverage_single_parent
2026-05-15,SW2014,851927.SI,851927.SI,,,801790.SI,非银金融,0,,ONE_TO_ONE,0,7,7,95,0.073684,1.0,0.073684,high_v8_coverage_single_parent
2026-05-15,SW2014,851931.SI,851931.SI,,,801790.SI,非银金融,0,,ONE_TO_ONE,0,53,57,95,0.535354,0.929825,0.557895,high_v8_coverage_single_parent
2026-05-15,SW2014,851941.SI,851941.SI,,,801790.SI,非银金融,0,,ONE_TO_ONE,0,7,7,95,0.073684,1.0,0.073684,high_v8_coverage_single_parent
2026-05-15,SW2014,852021.SI,852021.SI,,,801200.SI,商业贸易,0,,MANUAL_REVIEW,1,20,51,115,0.136986,0.392157,0.173913,low_overlap
2026-05-15,SW2014,852031.SI,852031.SI,,,801200.SI,商业贸易,0,,ONE_TO_ONE,0,29,37,115,0.235772,0.783784,0.252174,usable_parent_match
2026-05-15,SW2014,852032.SI,852032.SI,,,801200.SI,商业贸易,0,,ONE_TO_ONE,0,9,12,115,0.076271,0.75,0.078261,usable_parent_match
2026-05-15,SW2014,852033.SI,852033.SI,,,801200.SI,商业贸易,0,,ONE_TO_ONE,0,21,27,115,0.173554,0.777778,0.182609,usable_parent_match
2026-05-15,SW2014,852034.SI,852034.SI,,,801200.SI,商业贸易,0,,ONE_TO_ONE,0,15,15,115,0.130435,1.0,0.130435,high_v8_coverage_single_parent
2026-05-15,SW2014,852041.SI,852041.SI,,,801200.SI,商业贸易,0,,ONE_TO_ONE,0,11,16,115,0.091667,0.6875,0.095652,usable_parent_match
2026-05-15,SW2014,852062.SI,852062.SI,,,801200.SI,商业贸易,0,,ONE_TO_ONE,0,8,9,115,0.068966,0.888889,0.069565,high_v8_coverage_single_parent
2026-05-15,SW2014,852063.SI,852063.SI,,,801200.SI,商业贸易,0,,ONE_TO_ONE,0,9,10,115,0.077586,0.9,0.078261,high_v8_coverage_single_parent
2026-05-15,SW2014,852111.SI,852111.SI,,,801210.SI,休闲服务,0,,ONE_TO_ONE,0,6,8,93,0.063158,0.75,0.064516,usable_parent_match
2026-05-15,SW2014,852112.SI,852112.SI,,,801210.SI,休闲服务,0,,ONE_TO_ONE,0,14,14,93,0.150538,1.0,0.150538,high_v8_coverage_single_parent
2026-05-15,SW2014,852121.SI,852121.SI,,,801210.SI,休闲服务,0,,MANUAL_REVIEW,1,10,18,93,0.09901,0.555556,0.107527,low_overlap
2026-05-15,SW2014,852131.SI,852131.SI,,,801210.SI,休闲服务,0,,ONE_TO_ONE,0,16,23,93,0.16,0.695652,0.172043,usable_parent_match
2026-05-15,SW2014,852141.SI,852141.SI,,,801210.SI,休闲服务,0,,ONE_TO_ONE,0,4,6,93,0.042105,0.666667,0.043011,usable_parent_match
2026-05-15,SW2014,852182.SI,852182.SI,,,801210.SI,休闲服务,0,,ONE_TO_ONE,0,20,20,93,0.215054,1.0,0.215054,high_v8_coverage_single_parent
2026-05-15,SW2014,852183.SI,852183.SI,,,801210.SI,休闲服务,0,,ONE_TO_ONE,0,4,5,93,0.042553,0.8,0.043011,usable_parent_match
2026-05-15,SW2014,852213.SI,852213.SI,,,801770.SI,通信,0,,ONE_TO_ONE,0,18,21,142,0.124138,0.857143,0.126761,high_v8_coverage_single_parent
2026-05-15,SW2014,852214.SI,852214.SI,,,801770.SI,通信,0,,ONE_TO_ONE,0,19,19,142,0.133803,1.0,0.133803,high_v8_coverage_single_parent
2026-05-15,SW2014,852226.SI,852226.SI,,,801750.SI,计算机,0,,ONE_TO_ONE,0,138,158,379,0.345865,0.873418,0.364116,high_v8_coverage_single_parent
2026-05-15,SW2014,852311.SI,852311.SI,,,801230.SI,综合,0,,MANUAL_REVIEW,1,27,168,35,0.153409,0.160714,0.771429,low_overlap
2026-05-15,SW2014,857111.SI,857111.SI,,,801710.SI,建筑材料,0,,ONE_TO_ONE,0,14,19,80,0.164706,0.736842,0.175,usable_parent_match
2026-05-15,SW2014,857112.SI,857112.SI,,,801710.SI,建筑材料,0,,ONE_TO_ONE,0,8,9,80,0.098765,0.888889,0.1,high_v8_coverage_single_parent
2026-05-15,SW2014,857121.SI,857121.SI,,,801710.SI,建筑材料,0,,ONE_TO_ONE,0,7,9,80,0.085366,0.777778,0.0875,usable_parent_match
2026-05-15,SW2014,857122.SI,857122.SI,,,801710.SI,建筑材料,0,,ONE_TO_ONE,0,9,9,80,0.1125,1.0,0.1125,high_v8_coverage_single_parent
2026-05-15,SW2014,857221.SI,857221.SI,,,801720.SI,建筑装饰,0,,ONE_TO_ONE,0,30,34,176,0.166667,0.882353,0.170455,high_v8_coverage_single_parent
2026-05-15,SW2014,857236.SI,857236.SI,,,801720.SI,建筑装饰,0,,ONE_TO_ONE,0,24,26,176,0.134831,0.923077,0.136364,high_v8_coverage_single_parent
2026-05-15,SW2014,857241.SI,857241.SI,,,801720.SI,建筑装饰,0,,ONE_TO_ONE,0,9,13,176,0.05,0.692308,0.051136,usable_parent_match
2026-05-15,SW2014,857242.SI,857242.SI,,,801720.SI,建筑装饰,0,,ONE_TO_ONE,0,10,12,176,0.05618,0.833333,0.056818,usable_parent_match
2026-05-15,SW2014,857243.SI,857243.SI,,,801720.SI,建筑装饰,0,,ONE_TO_ONE,0,5,5,176,0.028409,1.0,0.028409,high_v8_coverage_single_parent
2026-05-15,SW2014,857244.SI,857244.SI,,,801720.SI,建筑装饰,0,,ONE_TO_ONE,0,26,30,176,0.144444,0.866667,0.147727,high_v8_coverage_single_parent
2026-05-15,SW2014,857251.SI,857251.SI,,,801720.SI,建筑装饰,0,,ONE_TO_ONE,0,24,30,176,0.131868,0.8,0.136364,usable_parent_match
2026-05-15,SW2014,857261.SI,857261.SI,,,801720.SI,建筑装饰,0,,ONE_TO_ONE,0,41,43,176,0.230337,0.953488,0.232955,high_v8_coverage_single_parent
2026-05-15,SW2014,857321.SI,857321.SI,,,801730.SI,电气设备,0,,ONE_TO_ONE,0,28,33,421,0.065728,0.848485,0.066508,usable_parent_match
2026-05-15,SW2014,857323.SI,857323.SI,,,801730.SI,电气设备,0,,ONE_TO_ONE,0,14,20,421,0.032787,0.7,0.033254,usable_parent_match
2026-05-15,SW2014,857331.SI,857331.SI,,,801730.SI,电气设备,0,,ONE_TO_ONE,0,2,2,421,0.004751,1.0,0.004751,high_v8_coverage_single_parent
2026-05-15,SW2014,857334.SI,857334.SI,,,801730.SI,电气设备,0,,ONE_TO_ONE,0,5,8,421,0.011792,0.625,0.011876,usable_parent_match
2026-05-15,SW2014,857336.SI,857336.SI,,,801730.SI,电气设备,0,,ONE_TO_ONE,0,28,31,421,0.066038,0.903226,0.066508,high_v8_coverage_single_parent
2026-05-15,SW2014,857344.SI,857344.SI,,,801730.SI,电气设备,0,,ONE_TO_ONE,0,39,48,421,0.090698,0.8125,0.092637,usable_parent_match
2026-05-15,SW2014,857352.SI,857352.SI,,,801730.SI,电气设备,0,,ONE_TO_ONE,0,22,23,421,0.052133,0.956522,0.052257,high_v8_coverage_single_parent
2026-05-15,SW2014,857354.SI,857354.SI,,,801730.SI,电气设备,0,,ONE_TO_ONE,0,20,21,421,0.047393,0.952381,0.047506,high_v8_coverage_single_parent
2026-05-15,SW2014,857355.SI,857355.SI,,,801730.SI,电气设备,0,,ONE_TO_ONE,0,11,12,421,0.026066,0.916667,0.026128,high_v8_coverage_single_parent
2026-05-15,SW2014,857362.SI,857362.SI,,,801730.SI,电气设备,0,,ONE_TO_ONE,0,24,27,421,0.056604,0.888889,0.057007,high_v8_coverage_single_parent
2026-05-15,SW2014,857371.SI,857371.SI,,,801730.SI,电气设备,0,,ONE_TO_ONE,0,27,28,421,0.063981,0.964286,0.064133,high_v8_coverage_single_parent
2026-05-15,SW2014,857372.SI,857372.SI,,,801730.SI,电气设备,0,,ONE_TO_ONE,0,43,43,421,0.102138,1.0,0.102138,high_v8_coverage_single_parent
2026-05-15,SW2014,857373.SI,857373.SI,,,801730.SI,电气设备,0,,ONE_TO_ONE,0,19,20,421,0.045024,0.95,0.045131,high_v8_coverage_single_parent
2026-05-15,SW2014,857375.SI,857375.SI,,,801730.SI,电气设备,0,,ONE_TO_ONE,0,10,10,421,0.023753,1.0,0.023753,high_v8_coverage_single_parent
2026-05-15,SW2014,857381.SI,857381.SI,,,801730.SI,电气设备,0,,ONE_TO_ONE,0,31,35,421,0.072941,0.885714,0.073634,high_v8_coverage_single_parent
2026-05-15,SW2014,857382.SI,857382.SI,,,801730.SI,电气设备,0,,ONE_TO_ONE,0,26,26,421,0.061758,1.0,0.061758,high_v8_coverage_single_parent
2026-05-15,SW2014,857411.SI,857411.SI,,,801740.SI,国防军工,0,,ONE_TO_ONE,0,21,23,149,0.139073,0.913043,0.14094,high_v8_coverage_single_parent
2026-05-15,SW2014,857421.SI,857421.SI,,,801740.SI,国防军工,0,,ONE_TO_ONE,0,53,57,149,0.346405,0.929825,0.355705,high_v8_coverage_single_parent
2026-05-15,SW2014,857431.SI,857431.SI,,,801740.SI,国防军工,0,,ONE_TO_ONE,0,20,20,149,0.134228,1.0,0.134228,high_v8_coverage_single_parent
2026-05-15,SW2014,857451.SI,857451.SI,,,801740.SI,国防军工,0,,ONE_TO_ONE,0,64,68,149,0.418301,0.941176,0.42953,high_v8_coverage_single_parent
2026-05-15,SW2014,857641.SI,857641.SI,,,801760.SI,传媒,0,,ONE_TO_ONE,0,34,41,156,0.208589,0.829268,0.217949,usable_parent_match
2026-05-15,SW2014,857651.SI,857651.SI,,,801760.SI,传媒,0,,ONE_TO_ONE,0,31,40,156,0.187879,0.775,0.198718,usable_parent_match
2026-05-15,SW2014,857661.SI,857661.SI,,,801760.SI,传媒,0,,ONE_TO_ONE,0,17,20,156,0.106918,0.85,0.108974,high_v8_coverage_single_parent
2026-05-15,SW2014,857674.SI,857674.SI,,,801760.SI,传媒,0,,ONE_TO_ONE,0,8,8,156,0.051282,1.0,0.051282,high_v8_coverage_single_parent
2026-05-15,SW2014,857691.SI,857691.SI,,,801760.SI,传媒,0,,ONE_TO_ONE,0,11,12,156,0.070064,0.916667,0.070513,high_v8_coverage_single_parent
2026-05-15,SW2014,857692.SI,857692.SI,,,801760.SI,传媒,0,,ONE_TO_ONE,0,19,19,156,0.121795,1.0,0.121795,high_v8_coverage_single_parent
2026-05-15,SW2014,857821.SI,857821.SI,,,801780.SI,银行,0,,ONE_TO_ONE,0,6,6,42,0.142857,1.0,0.142857,high_v8_coverage_single_parent
2026-05-15,SW2014,857831.SI,857831.SI,,,801780.SI,银行,0,,ONE_TO_ONE,0,9,9,42,0.214286,1.0,0.214286,high_v8_coverage_single_parent
2026-05-15,SW2014,857841.SI,857841.SI,,,801780.SI,银行,0,,ONE_TO_ONE,0,17,17,42,0.404762,1.0,0.404762,high_v8_coverage_single_parent
2026-05-15,SW2014,857851.SI,857851.SI,,,801780.SI,银行,0,,ONE_TO_ONE,0,10,10,42,0.238095,1.0,0.238095,high_v8_coverage_single_parent
2026-05-15,SW2014,858811.SI,858811.SI,,,801880.SI,汽车,0,,ONE_TO_ONE,0,12,16,325,0.036474,0.75,0.036923,usable_parent_match
2026-05-15,SW2014,858812.SI,858812.SI,,,801880.SI,汽车,0,,ONE_TO_ONE,0,9,9,325,0.027692,1.0,0.027692,high_v8_coverage_single_parent
2026-05-15,SW2014,859511.SI,859511.SI,,,801160.SI,公用事业,0,,MANUAL_REVIEW,1,1,22,136,0.006369,0.045455,0.007353,low_overlap
2026-05-15,SW2014,859512.SI,859512.SI,,,,,,,UNMATCHED,1,0,12,0,0.0,0.0,0.0,no_shared_symbols
2026-05-15,SW2014,859521.SI,859521.SI,,,801030.SI,化工,0,,MANUAL_REVIEW,1,1,9,455,0.00216,0.111111,0.002198,low_overlap
2026-05-15,SW2014,859621.SI,859621.SI,,,,,,,UNMATCHED,1,0,7,0,0.0,0.0,0.0,no_shared_symbols
2026-05-15,SW2014,859622.SI,859622.SI,,,801890.SI,机械设备,0,,MANUAL_REVIEW,1,1,7,614,0.001613,0.142857,0.001629,low_overlap
2026-05-15,SW2014,859631.SI,859631.SI,,,,,,,UNMATCHED,1,0,10,0,0.0,0.0,0.0,no_shared_symbols
2026-05-15,SW2014,859632.SI,859632.SI,,,801730.SI,电气设备,0,,MANUAL_REVIEW,1,1,8,421,0.002336,0.125,0.002375,low_overlap
2026-05-15,SW2014,859633.SI,859633.SI,,,801030.SI,化工,0,,MANUAL_REVIEW,1,1,16,455,0.002128,0.0625,0.002198,low_overlap
2026-05-15,SW2014,859711.SI,859711.SI,,,801030.SI,化工,0,,MANUAL_REVIEW,1,1,9,455,0.00216,0.111111,0.002198,low_overlap
2026-05-15,SW2014,859712.SI,859712.SI,,,801010.SI,农林牧渔,0,,MANUAL_REVIEW,1,1,56,126,0.005525,0.017857,0.007937,low_overlap
2026-05-15,SW2014,859713.SI,859713.SI,,,,,,,UNMATCHED,1,0,38,0,0.0,0.0,0.0,no_shared_symbols
2026-05-15,SW2014,859714.SI,859714.SI,,,801710.SI,建筑材料,0,,MANUAL_REVIEW,1,1,19,80,0.010204,0.052632,0.0125,low_overlap
2026-05-15,SW2014,859721.SI,859721.SI,,,801890.SI,机械设备,0,,MANUAL_REVIEW,1,2,32,614,0.003106,0.0625,0.003257,low_overlap
2026-05-15,SW2014,859811.SI,859811.SI,,,801130.SI,纺织服装,0,,MANUAL_REVIEW,1,1,9,120,0.007813,0.111111,0.008333,low_overlap
2026-05-15,SW2014,859821.SI,859821.SI,,,801210.SI,休闲服务,0,,MANUAL_REVIEW,1,1,7,93,0.010101,0.142857,0.010753,low_overlap
2026-05-15,SW2014,859822.SI,859822.SI,,,,,,,UNMATCHED,1,0,8,0,0.0,0.0,0.0,no_shared_symbols
2026-05-15,SW2014,859852.SI,859852.SI,,,801210.SI,休闲服务,0,,ONE_TO_ONE,0,14,15,93,0.148936,0.933333,0.150538,high_v8_coverage_single_parent
2026-05-15,SW2014,859951.SI,859951.SI,,,801760.SI,传媒,0,,ONE_TO_ONE,0,14,14,156,0.089744,1.0,0.089744,high_v8_coverage_single_parent
2026-05-15,SW2021,850111.SI,850111.SI,,,801010.SI,农林牧渔,0,,ONE_TO_ONE,0,8,10,126,0.0625,0.8,0.063492,usable_parent_match
2026-05-15,SW2021,850112.SI,850112.SI,,,801010.SI,农林牧渔,0,,MANUAL_REVIEW,1,7,12,126,0.053435,0.583333,0.055556,low_overlap
2026-05-15,SW2021,850113.SI,850113.SI,,,801010.SI,农林牧渔,0,,ONE_TO_ONE,0,8,9,126,0.062992,0.888889,0.063492,high_v8_coverage_single_parent
2026-05-15,SW2021,850121.SI,850121.SI,,,801010.SI,农林牧渔,0,,ONE_TO_ONE,0,2,2,126,0.015873,1.0,0.015873,high_v8_coverage_single_parent
2026-05-15,SW2021,850122.SI,850122.SI,,,801010.SI,农林牧渔,0,,ONE_TO_ONE,0,7,11,126,0.053846,0.636364,0.055556,usable_parent_match
2026-05-15,SW2021,850131.SI,850131.SI,,,801010.SI,农林牧渔,0,,MANUAL_REVIEW,1,4,7,126,0.031008,0.571429,0.031746,low_overlap
2026-05-15,SW2021,850135.SI,850135.SI,,,801030.SI,基础化工,0,,ONE_TO_ONE,0,22,22,455,0.048352,1.0,0.048352,high_v8_coverage_single_parent
2026-05-15,SW2021,850136.SI,850136.SI,,,801030.SI,基础化工,0,,ONE_TO_ONE,0,11,11,455,0.024176,1.0,0.024176,high_v8_coverage_single_parent
2026-05-15,SW2021,850142.SI,850142.SI,,,801010.SI,农林牧渔,0,,ONE_TO_ONE,0,10,10,126,0.079365,1.0,0.079365,high_v8_coverage_single_parent
2026-05-15,SW2021,850151.SI,850151.SI,,,801010.SI,农林牧渔,0,,ONE_TO_ONE,0,6,9,126,0.046512,0.666667,0.047619,usable_parent_match
2026-05-15,SW2021,850152.SI,850152.SI,,,801010.SI,农林牧渔,0,,MANUAL_REVIEW,1,8,15,126,0.06015,0.533333,0.063492,low_overlap
2026-05-15,SW2021,850154.SI,850154.SI,,,801010.SI,农林牧渔,0,,ONE_TO_ONE,0,12,19,126,0.090226,0.631579,0.095238,usable_parent_match
2026-05-15,SW2021,850172.SI,850172.SI,,,801010.SI,农林牧渔,0,,ONE_TO_ONE,0,12,12,126,0.095238,1.0,0.095238,high_v8_coverage_single_parent
2026-05-15,SW2021,850173.SI,850173.SI,,,801010.SI,农林牧渔,0,,ONE_TO_ONE,0,8,8,126,0.063492,1.0,0.063492,high_v8_coverage_single_parent
2026-05-15,SW2021,850181.SI,850181.SI,,,801010.SI,农林牧渔,0,,ONE_TO_ONE,0,12,16,126,0.092308,0.75,0.095238,usable_parent_match
2026-05-15,SW2021,850232.SI,850232.SI,,,801880.SI,汽车,0,,ONE_TO_ONE,0,8,11,325,0.02439,0.727273,0.024615,usable_parent_match
2026-05-15,SW2021,850233.SI,850233.SI,,,801880.SI,汽车,0,,ONE_TO_ONE,0,7,7,325,0.021538,1.0,0.021538,high_v8_coverage_single_parent
2026-05-15,SW2021,850321.SI,850321.SI,,,801760.SI,传媒,0,,MANUAL_REVIEW,1,2,9,156,0.01227,0.222222,0.012821,low_overlap
2026-05-15,SW2021,850322.SI,850322.SI,,,801030.SI,基础化工,0,,ONE_TO_ONE,0,23,30,455,0.049784,0.766667,0.050549,usable_parent_match
2026-05-15,SW2021,850323.SI,850323.SI,,,801030.SI,基础化工,0,,ONE_TO_ONE,0,14,20,455,0.030369,0.7,0.030769,usable_parent_match
2026-05-15,SW2021,850324.SI,850324.SI,,,801030.SI,基础化工,0,,ONE_TO_ONE,0,20,24,455,0.043573,0.833333,0.043956,usable_parent_match
2026-05-15,SW2021,850325.SI,850325.SI,,,801030.SI,基础化工,0,,ONE_TO_ONE,0,9,9,455,0.01978,1.0,0.01978,high_v8_coverage_single_parent
2026-05-15,SW2021,850326.SI,850326.SI,,,801030.SI,基础化工,0,,ONE_TO_ONE,0,6,6,455,0.013187,1.0,0.013187,high_v8_coverage_single_parent
2026-05-15,SW2021,850331.SI,850331.SI,,,801030.SI,基础化工,0,,ONE_TO_ONE,0,16,23,455,0.034632,0.695652,0.035165,usable_parent_match
2026-05-15,SW2021,850332.SI,850332.SI,,,801030.SI,基础化工,0,,ONE_TO_ONE,0,11,12,455,0.024123,0.916667,0.024176,high_v8_coverage_single_parent
2026-05-15,SW2021,850333.SI,850333.SI,,,801030.SI,基础化工,0,,ONE_TO_ONE,0,32,44,455,0.068522,0.727273,0.07033,usable_parent_match
2026-05-15,SW2021,850335.SI,850335.SI,,,801030.SI,基础化工,0,,ONE_TO_ONE,0,20,33,455,0.042735,0.606061,0.043956,usable_parent_match
2026-05-15,SW2021,850336.SI,850336.SI,,,801030.SI,基础化工,0,,MANUAL_REVIEW,1,4,7,455,0.008734,0.571429,0.008791,low_overlap
2026-05-15,SW2021,850337.SI,850337.SI,,,801030.SI,基础化工,0,,ONE_TO_ONE,0,14,16,455,0.030635,0.875,0.030769,high_v8_coverage_single_parent
2026-05-15,SW2021,850338.SI,850338.SI,,,801030.SI,基础化工,0,,ONE_TO_ONE,0,17,18,455,0.037281,0.944444,0.037363,high_v8_coverage_single_parent
2026-05-15,SW2021,850339.SI,850339.SI,,,801030.SI,基础化工,0,,ONE_TO_ONE,0,117,165,455,0.232604,0.709091,0.257143,usable_parent_match
2026-05-15,SW2021,850341.SI,850341.SI,,,801960.SI,石油石化,0,,MANUAL_REVIEW,1,6,29,51,0.081081,0.206897,0.117647,low_overlap
2026-05-15,SW2021,850343.SI,850343.SI,,,801980.SI,美容护理,0,,MANUAL_REVIEW,1,1,11,31,0.02439,0.090909,0.032258,low_overlap
2026-05-15,SW2021,850344.SI,850344.SI,,,801030.SI,基础化工,0,,MANUAL_REVIEW,1,7,13,455,0.015184,0.538462,0.015385,low_overlap
2026-05-15,SW2021,850345.SI,850345.SI,,,801030.SI,基础化工,0,,ONE_TO_ONE,0,2,3,455,0.004386,0.666667,0.004396,usable_parent_match
2026-05-15,SW2021,850351.SI,850351.SI,,,801030.SI,基础化工,0,,ONE_TO_ONE,0,43,61,455,0.090909,0.704918,0.094505,usable_parent_match
2026-05-15,SW2021,850353.SI,850353.SI,,,801030.SI,基础化工,0,,ONE_TO_ONE,0,18,19,455,0.039474,0.947368,0.03956,high_v8_coverage_single_parent
2026-05-15,SW2021,850354.SI,850354.SI,,,801030.SI,基础化工,0,,ONE_TO_ONE,0,15,15,455,0.032967,1.0,0.032967,high_v8_coverage_single_parent
2026-05-15,SW2021,850355.SI,850355.SI,,,801030.SI,基础化工,0,,ONE_TO_ONE,0,21,21,455,0.046154,1.0,0.046154,high_v8_coverage_single_parent
2026-05-15,SW2021,850362.SI,850362.SI,,,801030.SI,基础化工,0,,ONE_TO_ONE,0,12,16,455,0.026144,0.75,0.026374,usable_parent_match
2026-05-15,SW2021,850363.SI,850363.SI,,,801030.SI,基础化工,0,,ONE_TO_ONE,0,6,8,455,0.013129,0.75,0.013187,usable_parent_match
2026-05-15,SW2021,850372.SI,850372.SI,,,801030.SI,基础化工,0,,ONE_TO_ONE,0,15,20,455,0.032609,0.75,0.032967,usable_parent_match
2026-05-15,SW2021,850381.SI,850381.SI,,,801030.SI,基础化工,0,,ONE_TO_ONE,0,11,11,455,0.024176,1.0,0.024176,high_v8_coverage_single_parent
2026-05-15,SW2021,850382.SI,850382.SI,,,801030.SI,基础化工,0,,ONE_TO_ONE,0,10,11,455,0.02193,0.909091,0.021978,high_v8_coverage_single_parent
2026-05-15,SW2021,850442.SI,850442.SI,,,801040.SI,钢铁,0,,ONE_TO_ONE,0,17,18,50,0.333333,0.944444,0.34,high_v8_coverage_single_parent
2026-05-15,SW2021,850521.SI,850521.SI,,,801050.SI,有色金属,0,,ONE_TO_ONE,0,28,45,160,0.158192,0.622222,0.175,usable_parent_match
2026-05-15,SW2021,850522.SI,850522.SI,,,801050.SI,有色金属,0,,ONE_TO_ONE,0,15,21,160,0.090361,0.714286,0.09375,usable_parent_match
2026-05-15,SW2021,850523.SI,850523.SI,,,801030.SI,基础化工,0,,MANUAL_REVIEW,1,10,19,455,0.021552,0.526316,0.021978,low_overlap
2026-05-15,SW2021,850531.SI,850531.SI,,,801050.SI,有色金属,0,,ONE_TO_ONE,0,15,19,160,0.091463,0.789474,0.09375,usable_parent_match
2026-05-15,SW2021,850541.SI,850541.SI,,,801050.SI,有色金属,0,,ONE_TO_ONE,0,4,5,160,0.024845,0.8,0.025,usable_parent_match
2026-05-15,SW2021,850542.SI,850542.SI,,,801050.SI,有色金属,0,,ONE_TO_ONE,0,4,4,160,0.025,1.0,0.025,high_v8_coverage_single_parent
2026-05-15,SW2021,850543.SI,850543.SI,,,801050.SI,有色金属,0,,ONE_TO_ONE,0,5,5,160,0.03125,1.0,0.03125,high_v8_coverage_single_parent
2026-05-15,SW2021,850544.SI,850544.SI,,,801050.SI,有色金属,0,,ONE_TO_ONE,0,28,31,160,0.171779,0.903226,0.175,high_v8_coverage_single_parent
2026-05-15,SW2021,850551.SI,850551.SI,,,801050.SI,有色金属,0,,ONE_TO_ONE,0,31,37,160,0.186747,0.837838,0.19375,usable_parent_match
2026-05-15,SW2021,850552.SI,850552.SI,,,801050.SI,有色金属,0,,ONE_TO_ONE,0,20,27,160,0.11976,0.740741,0.125,usable_parent_match
2026-05-15,SW2021,850553.SI,850553.SI,,,801050.SI,有色金属,0,,ONE_TO_ONE,0,16,17,160,0.099379,0.941176,0.1,high_v8_coverage_single_parent
2026-05-15,SW2021,850614.SI,850614.SI,,,801710.SI,建筑材料,0,,MANUAL_REVIEW,1,31,61,80,0.281818,0.508197,0.3875,borderline_overlap
2026-05-15,SW2021,850615.SI,850615.SI,,,801710.SI,建筑材料,0,,ONE_TO_ONE,0,6,8,80,0.073171,0.75,0.075,usable_parent_match
2026-05-15,SW2021,850616.SI,850616.SI,,,801710.SI,建筑材料,0,,ONE_TO_ONE,0,11,12,80,0.135802,0.916667,0.1375,high_v8_coverage_single_parent
2026-05-15,SW2021,850623.SI,850623.SI,,,801720.SI,建筑装饰,0,,ONE_TO_ONE,0,23,26,176,0.128492,0.884615,0.130682,high_v8_coverage_single_parent
2026-05-15,SW2021,850702.SI,850702.SI,,,801750.SI,计算机,0,,ONE_TO_ONE,0,25,25,379,0.065963,1.0,0.065963,high_v8_coverage_single_parent
2026-05-15,SW2021,850703.SI,850703.SI,,,801750.SI,计算机,0,,ONE_TO_ONE,0,63,65,379,0.165354,0.969231,0.166227,high_v8_coverage_single_parent
2026-05-15,SW2021,850711.SI,850711.SI,,,801890.SI,机械设备,0,,ONE_TO_ONE,0,24,28,614,0.038835,0.857143,0.039088,high_v8_coverage_single_parent
2026-05-15,SW2021,850713.SI,850713.SI,,,801890.SI,机械设备,0,,ONE_TO_ONE,0,19,28,614,0.030498,0.678571,0.030945,usable_parent_match
2026-05-15,SW2021,850715.SI,850715.SI,,,801890.SI,机械设备,0,,ONE_TO_ONE,0,18,23,614,0.029079,0.782609,0.029316,usable_parent_match
2026-05-15,SW2021,850716.SI,850716.SI,,,801890.SI,机械设备,0,,ONE_TO_ONE,0,73,89,614,0.115873,0.820225,0.118893,usable_parent_match
2026-05-15,SW2021,850721.SI,850721.SI,,,801890.SI,机械设备,0,,ONE_TO_ONE,0,14,18,614,0.022654,0.777778,0.022801,usable_parent_match
2026-05-15,SW2021,850723.SI,850723.SI,,,801890.SI,机械设备,0,,ONE_TO_ONE,0,4,5,614,0.006504,0.8,0.006515,usable_parent_match
2026-05-15,SW2021,850725.SI,850725.SI,,,801890.SI,机械设备,0,,ONE_TO_ONE,0,56,67,614,0.0896,0.835821,0.091205,usable_parent_match
2026-05-15,SW2021,850726.SI,850726.SI,,,801890.SI,机械设备,0,,ONE_TO_ONE,0,11,14,614,0.017828,0.785714,0.017915,usable_parent_match
2026-05-15,SW2021,850727.SI,850727.SI,,,801890.SI,机械设备,0,,ONE_TO_ONE,0,111,154,614,0.16895,0.720779,0.180782,usable_parent_match
2026-05-15,SW2021,850728.SI,850728.SI,,,801890.SI,机械设备,0,,ONE_TO_ONE,0,15,20,614,0.024233,0.75,0.02443,usable_parent_match
2026-05-15,SW2021,850731.SI,850731.SI,,,801890.SI,机械设备,0,,ONE_TO_ONE,0,54,80,614,0.084375,0.675,0.087948,usable_parent_match
2026-05-15,SW2021,850741.SI,850741.SI,,,801730.SI,电力设备,0,,ONE_TO_ONE,0,27,31,421,0.063529,0.870968,0.064133,high_v8_coverage_single_parent
2026-05-15,SW2021,850751.SI,850751.SI,,,801890.SI,机械设备,0,,ONE_TO_ONE,0,77,101,614,0.12069,0.762376,0.125407,usable_parent_match
2026-05-15,SW2021,850771.SI,850771.SI,,,801890.SI,机械设备,0,,ONE_TO_ONE,0,19,21,614,0.030844,0.904762,0.030945,high_v8_coverage_single_parent
2026-05-15,SW2021,850772.SI,850772.SI,,,801890.SI,机械设备,0,,ONE_TO_ONE,0,11,11,614,0.017915,1.0,0.017915,high_v8_coverage_single_parent
2026-05-15,SW2021,850781.SI,850781.SI,,,801890.SI,机械设备,0,,ONE_TO_ONE,0,19,20,614,0.030894,0.95,0.030945,high_v8_coverage_single_parent
2026-05-15,SW2021,850782.SI,850782.SI,,,801890.SI,机械设备,0,,ONE_TO_ONE,0,27,29,614,0.043831,0.931034,0.043974,high_v8_coverage_single_parent
2026-05-15,SW2021,850783.SI,850783.SI,,,801890.SI,机械设备,0,,ONE_TO_ONE,0,10,12,614,0.016234,0.833333,0.016287,usable_parent_match
2026-05-15,SW2021,850784.SI,850784.SI,,,801890.SI,机械设备,0,,ONE_TO_ONE,0,25,25,614,0.040717,1.0,0.040717,high_v8_coverage_single_parent
2026-05-15,SW2021,850812.SI,850812.SI,,,801080.SI,电子,0,,ONE_TO_ONE,0,28,30,514,0.054264,0.933333,0.054475,high_v8_coverage_single_parent
2026-05-15,SW2021,850813.SI,850813.SI,,,801080.SI,电子,0,,ONE_TO_ONE,0,28,32,514,0.054054,0.875,0.054475,high_v8_coverage_single_parent
2026-05-15,SW2021,850814.SI,850814.SI,,,801080.SI,电子,0,,ONE_TO_ONE,0,52,54,514,0.100775,0.962963,0.101167,high_v8_coverage_single_parent
2026-05-15,SW2021,850815.SI,850815.SI,,,801080.SI,电子,0,,ONE_TO_ONE,0,35,35,514,0.068093,1.0,0.068093,high_v8_coverage_single_parent
2026-05-15,SW2021,850817.SI,850817.SI,,,801080.SI,电子,0,,ONE_TO_ONE,0,13,14,514,0.025243,0.928571,0.025292,high_v8_coverage_single_parent
2026-05-15,SW2021,850818.SI,850818.SI,,,801080.SI,电子,0,,ONE_TO_ONE,0,25,25,514,0.048638,1.0,0.048638,high_v8_coverage_single_parent
2026-05-15,SW2021,850822.SI,850822.SI,,,801080.SI,电子,0,,ONE_TO_ONE,0,46,46,514,0.089494,1.0,0.089494,high_v8_coverage_single_parent
2026-05-15,SW2021,850823.SI,850823.SI,,,801080.SI,电子,0,,ONE_TO_ONE,0,19,29,514,0.03626,0.655172,0.036965,usable_parent_match
2026-05-15,SW2021,850831.SI,850831.SI,,,801080.SI,电子,0,,ONE_TO_ONE,0,51,63,514,0.096958,0.809524,0.099222,usable_parent_match
2026-05-15,SW2021,850832.SI,850832.SI,,,801080.SI,电子,0,,ONE_TO_ONE,0,34,46,514,0.064639,0.73913,0.066148,usable_parent_match
2026-05-15,SW2021,850833.SI,850833.SI,,,801080.SI,电子,0,,ONE_TO_ONE,0,26,30,514,0.050193,0.866667,0.050584,high_v8_coverage_single_parent
2026-05-15,SW2021,850841.SI,850841.SI,,,801080.SI,电子,0,,MANUAL_REVIEW,1,50,98,514,0.088968,0.510204,0.097276,low_overlap
2026-05-15,SW2021,850853.SI,850853.SI,,,801080.SI,电子,0,,ONE_TO_ONE,0,11,11,514,0.021401,1.0,0.021401,high_v8_coverage_single_parent
2026-05-15,SW2021,850854.SI,850854.SI,,,801080.SI,电子,0,,ONE_TO_ONE,0,88,98,514,0.167939,0.897959,0.171206,high_v8_coverage_single_parent
2026-05-15,SW2021,850861.SI,850861.SI,,,801080.SI,电子,0,,ONE_TO_ONE,0,34,37,514,0.065764,0.918919,0.066148,high_v8_coverage_single_parent
2026-05-15,SW2021,850912.SI,850912.SI,,,801880.SI,汽车,0,,ONE_TO_ONE,0,10,14,325,0.030395,0.714286,0.030769,usable_parent_match
2026-05-15,SW2021,850913.SI,850913.SI,,,801880.SI,汽车,0,,ONE_TO_ONE,0,7,9,325,0.021407,0.777778,0.021538,usable_parent_match
2026-05-15,SW2021,850922.SI,850922.SI,,,801880.SI,汽车,0,,ONE_TO_ONE,0,38,39,325,0.116564,0.974359,0.116923,high_v8_coverage_single_parent
2026-05-15,SW2021,850923.SI,850923.SI,,,801880.SI,汽车,0,,ONE_TO_ONE,0,91,94,325,0.277439,0.968085,0.28,high_v8_coverage_single_parent
2026-05-15,SW2021,850924.SI,850924.SI,,,801880.SI,汽车,0,,ONE_TO_ONE,0,22,22,325,0.067692,1.0,0.067692,high_v8_coverage_single_parent
2026-05-15,SW2021,850925.SI,850925.SI,,,801880.SI,汽车,0,,ONE_TO_ONE,0,57,57,325,0.175385,1.0,0.175385,high_v8_coverage_single_parent
2026-05-15,SW2021,850926.SI,850926.SI,,,801880.SI,汽车,0,,ONE_TO_ONE,0,38,38,325,0.116923,1.0,0.116923,high_v8_coverage_single_parent
2026-05-15,SW2021,850935.SI,850935.SI,,,801740.SI,国防军工,0,,ONE_TO_ONE,0,12,15,149,0.078947,0.8,0.080537,usable_parent_match
2026-05-15,SW2021,850936.SI,850936.SI,,,801890.SI,机械设备,0,,ONE_TO_ONE,0,35,37,614,0.056818,0.945946,0.057003,high_v8_coverage_single_parent
2026-05-15,SW2021,850952.SI,850952.SI,,,801880.SI,汽车,0,,ONE_TO_ONE,0,7,8,325,0.021472,0.875,0.021538,high_v8_coverage_single_parent
2026-05-15,SW2021,851024.SI,851024.SI,,,801770.SI,通信,0,,ONE_TO_ONE,0,38,38,142,0.267606,1.0,0.267606,high_v8_coverage_single_parent
2026-05-15,SW2021,851025.SI,851025.SI,,,801770.SI,通信,0,,ONE_TO_ONE,0,12,12,142,0.084507,1.0,0.084507,high_v8_coverage_single_parent
2026-05-15,SW2021,851026.SI,851026.SI,,,801770.SI,通信,0,,ONE_TO_ONE,0,29,31,142,0.201389,0.935484,0.204225,high_v8_coverage_single_parent
2026-05-15,SW2021,851027.SI,851027.SI,,,801770.SI,通信,0,,ONE_TO_ONE,0,12,13,142,0.083916,0.923077,0.084507,high_v8_coverage_single_parent
2026-05-15,SW2021,851041.SI,851041.SI,,,801750.SI,计算机,0,,ONE_TO_ONE,0,98,99,379,0.257895,0.989899,0.258575,high_v8_coverage_single_parent
2026-05-15,SW2021,851042.SI,851042.SI,,,801750.SI,计算机,0,,ONE_TO_ONE,0,36,36,379,0.094987,1.0,0.094987,high_v8_coverage_single_parent
2026-05-15,SW2021,851112.SI,851112.SI,,,801110.SI,家用电器,0,,ONE_TO_ONE,0,9,12,108,0.081081,0.75,0.083333,usable_parent_match
2026-05-15,SW2021,851116.SI,851116.SI,,,801110.SI,家用电器,0,,ONE_TO_ONE,0,7,7,108,0.064815,1.0,0.064815,high_v8_coverage_single_parent
2026-05-15,SW2021,851121.SI,851121.SI,,,801110.SI,家用电器,0,,MANUAL_REVIEW,1,6,11,108,0.053097,0.545455,0.055556,low_overlap
2026-05-15,SW2021,851122.SI,851122.SI,,,801110.SI,家用电器,0,,MANUAL_REVIEW,1,7,15,108,0.060345,0.466667,0.064815,low_overlap
2026-05-15,SW2021,851131.SI,851131.SI,,,801110.SI,家用电器,0,,ONE_TO_ONE,0,12,12,108,0.111111,1.0,0.111111,high_v8_coverage_single_parent
2026-05-15,SW2021,851141.SI,851141.SI,,,801110.SI,家用电器,0,,ONE_TO_ONE,0,6,6,108,0.055556,1.0,0.055556,high_v8_coverage_single_parent
2026-05-15,SW2021,851151.SI,851151.SI,,,801110.SI,家用电器,0,,ONE_TO_ONE,0,12,12,108,0.111111,1.0,0.111111,high_v8_coverage_single_parent
2026-05-15,SW2021,851161.SI,851161.SI,,,801110.SI,家用电器,0,,ONE_TO_ONE,0,30,33,108,0.27027,0.909091,0.277778,high_v8_coverage_single_parent
2026-05-15,SW2021,851232.SI,851232.SI,,,801120.SI,食品饮料,0,,ONE_TO_ONE,0,7,9,129,0.053435,0.777778,0.054264,usable_parent_match
2026-05-15,SW2021,851233.SI,851233.SI,,,801120.SI,食品饮料,0,,ONE_TO_ONE,0,10,11,129,0.076923,0.909091,0.077519,high_v8_coverage_single_parent
2026-05-15,SW2021,851241.SI,851241.SI,,,801120.SI,食品饮料,0,,ONE_TO_ONE,0,9,9,129,0.069767,1.0,0.069767,high_v8_coverage_single_parent
2026-05-15,SW2021,851242.SI,851242.SI,,,801120.SI,食品饮料,0,,ONE_TO_ONE,0,14,16,129,0.10687,0.875,0.108527,high_v8_coverage_single_parent
2026-05-15,SW2021,851243.SI,851243.SI,,,801120.SI,食品饮料,0,,ONE_TO_ONE,0,20,20,129,0.155039,1.0,0.155039,high_v8_coverage_single_parent
2026-05-15,SW2021,851244.SI,851244.SI,,,801120.SI,食品饮料,0,,ONE_TO_ONE,0,38,47,129,0.275362,0.808511,0.294574,usable_parent_match
2026-05-15,SW2021,851246.SI,851246.SI,,,801120.SI,食品饮料,0,,ONE_TO_ONE,0,10,10,129,0.077519,1.0,0.077519,high_v8_coverage_single_parent
2026-05-15,SW2021,851247.SI,851247.SI,,,801120.SI,食品饮料,0,,ONE_TO_ONE,0,8,9,129,0.061538,0.888889,0.062016,high_v8_coverage_single_parent
2026-05-15,SW2021,851251.SI,851251.SI,,,801120.SI,食品饮料,0,,ONE_TO_ONE,0,20,20,129,0.155039,1.0,0.155039,high_v8_coverage_single_parent
2026-05-15,SW2021,851271.SI,851271.SI,,,801120.SI,食品饮料,0,,ONE_TO_ONE,0,8,8,129,0.062016,1.0,0.062016,high_v8_coverage_single_parent
2026-05-15,SW2021,851281.SI,851281.SI,,,801120.SI,食品饮料,0,,ONE_TO_ONE,0,10,11,129,0.076923,0.909091,0.077519,high_v8_coverage_single_parent
2026-05-15,SW2021,851282.SI,851282.SI,,,801120.SI,食品饮料,0,,ONE_TO_ONE,0,10,10,129,0.077519,1.0,0.077519,high_v8_coverage_single_parent
2026-05-15,SW2021,851312.SI,851312.SI,,,801130.SI,纺织服饰,0,,MANUAL_REVIEW,1,16,32,120,0.117647,0.5,0.133333,low_overlap
2026-05-15,SW2021,851314.SI,851314.SI,,,801130.SI,纺织服饰,0,,MANUAL_REVIEW,1,4,9,120,0.032,0.444444,0.033333,low_overlap
2026-05-15,SW2021,851315.SI,851315.SI,,,801130.SI,纺织服饰,0,,MANUAL_REVIEW,1,3,6,120,0.02439,0.5,0.025,low_overlap
2026-05-15,SW2021,851316.SI,851316.SI,,,801130.SI,纺织服饰,0,,ONE_TO_ONE,0,22,33,120,0.167939,0.666667,0.183333,usable_parent_match
2026-05-15,SW2021,851325.SI,851325.SI,,,801130.SI,纺织服饰,0,,ONE_TO_ONE,0,20,21,120,0.165289,0.952381,0.166667,high_v8_coverage_single_parent
2026-05-15,SW2021,851326.SI,851326.SI,,,801130.SI,纺织服饰,0,,ONE_TO_ONE,0,6,8,120,0.04918,0.75,0.05,usable_parent_match
2026-05-15,SW2021,851329.SI,851329.SI,,,801130.SI,纺织服饰,0,,ONE_TO_ONE,0,42,43,120,0.347107,0.976744,0.35,high_v8_coverage_single_parent
2026-05-15,SW2021,851331.SI,851331.SI,,,801130.SI,纺织服饰,0,,ONE_TO_ONE,0,15,15,120,0.125,1.0,0.125,high_v8_coverage_single_parent
2026-05-15,SW2021,851412.SI,851412.SI,,,801140.SI,轻工制造,0,,ONE_TO_ONE,0,11,12,172,0.063584,0.916667,0.063953,high_v8_coverage_single_parent
2026-05-15,SW2021,851413.SI,851413.SI,,,801140.SI,轻工制造,0,,ONE_TO_ONE,0,12,12,172,0.069767,1.0,0.069767,high_v8_coverage_single_parent
2026-05-15,SW2021,851422.SI,851422.SI,,,801140.SI,轻工制造,0,,ONE_TO_ONE,0,5,6,172,0.028902,0.833333,0.02907,usable_parent_match
2026-05-15,SW2021,851423.SI,851423.SI,,,801140.SI,轻工制造,0,,ONE_TO_ONE,0,7,7,172,0.040698,1.0,0.040698,high_v8_coverage_single_parent
2026-05-15,SW2021,851424.SI,851424.SI,,,801140.SI,轻工制造,0,,ONE_TO_ONE,0,6,6,172,0.034884,1.0,0.034884,high_v8_coverage_single_parent
2026-05-15,SW2021,851425.SI,851425.SI,,,801140.SI,轻工制造,0,,ONE_TO_ONE,0,19,20,172,0.109827,0.95,0.110465,high_v8_coverage_single_parent
2026-05-15,SW2021,851436.SI,851436.SI,,,801140.SI,轻工制造,0,,ONE_TO_ONE,0,15,15,172,0.087209,1.0,0.087209,high_v8_coverage_single_parent
2026-05-15,SW2021,851437.SI,851437.SI,,,801140.SI,轻工制造,0,,ONE_TO_ONE,0,16,16,172,0.093023,1.0,0.093023,high_v8_coverage_single_parent
2026-05-15,SW2021,851438.SI,851438.SI,,,801140.SI,轻工制造,0,,ONE_TO_ONE,0,14,15,172,0.080925,0.933333,0.081395,high_v8_coverage_single_parent
2026-05-15,SW2021,851439.SI,851439.SI,,,801140.SI,轻工制造,0,,ONE_TO_ONE,0,7,7,172,0.040698,1.0,0.040698,high_v8_coverage_single_parent
2026-05-15,SW2021,851452.SI,851452.SI,,,801140.SI,轻工制造,0,,ONE_TO_ONE,0,17,19,172,0.097701,0.894737,0.098837,high_v8_coverage_single_parent
2026-05-15,SW2021,851491.SI,851491.SI,,,801140.SI,轻工制造,0,,ONE_TO_ONE,0,23,25,172,0.132184,0.92,0.133721,high_v8_coverage_single_parent
2026-05-15,SW2021,851511.SI,851511.SI,,,801150.SI,医药生物,0,,ONE_TO_ONE,0,67,76,527,0.125,0.881579,0.127135,high_v8_coverage_single_parent
2026-05-15,SW2021,851512.SI,851512.SI,,,801150.SI,医药生物,0,,ONE_TO_ONE,0,134,141,527,0.250936,0.950355,0.254269,high_v8_coverage_single_parent
2026-05-15,SW2021,851521.SI,851521.SI,,,801150.SI,医药生物,0,,ONE_TO_ONE,0,84,93,527,0.156716,0.903226,0.159393,high_v8_coverage_single_parent
2026-05-15,SW2021,851522.SI,851522.SI,,,801150.SI,医药生物,0,,ONE_TO_ONE,0,8,8,527,0.01518,1.0,0.01518,high_v8_coverage_single_parent
2026-05-15,SW2021,851523.SI,851523.SI,,,801150.SI,医药生物,0,,ONE_TO_ONE,0,13,13,527,0.024668,1.0,0.024668,high_v8_coverage_single_parent
2026-05-15,SW2021,851524.SI,851524.SI,,,801150.SI,医药生物,0,,ONE_TO_ONE,0,37,38,527,0.070076,0.973684,0.070209,high_v8_coverage_single_parent
2026-05-15,SW2021,851532.SI,851532.SI,,,801150.SI,医药生物,0,,ONE_TO_ONE,0,41,41,527,0.077799,1.0,0.077799,high_v8_coverage_single_parent
2026-05-15,SW2021,851533.SI,851533.SI,,,801150.SI,医药生物,0,,ONE_TO_ONE,0,53,53,527,0.100569,1.0,0.100569,high_v8_coverage_single_parent
2026-05-15,SW2021,851534.SI,851534.SI,,,801150.SI,医药生物,0,,ONE_TO_ONE,0,44,44,527,0.083491,1.0,0.083491,high_v8_coverage_single_parent
2026-05-15,SW2021,851542.SI,851542.SI,,,801150.SI,医药生物,0,,ONE_TO_ONE,0,26,30,527,0.048964,0.866667,0.049336,high_v8_coverage_single_parent
2026-05-15,SW2021,851543.SI,851543.SI,,,801150.SI,医药生物,0,,ONE_TO_ONE,0,8,8,527,0.01518,1.0,0.01518,high_v8_coverage_single_parent
2026-05-15,SW2021,851563.SI,851563.SI,,,801150.SI,医药生物,0,,ONE_TO_ONE,0,32,32,527,0.060721,1.0,0.060721,high_v8_coverage_single_parent
2026-05-15,SW2021,851564.SI,851564.SI,,,801150.SI,医药生物,0,,ONE_TO_ONE,0,17,18,527,0.032197,0.944444,0.032258,high_v8_coverage_single_parent
2026-05-15,SW2021,851610.SI,851610.SI,,,801160.SI,公用事业,0,,ONE_TO_ONE,0,15,16,136,0.109489,0.9375,0.110294,high_v8_coverage_single_parent
2026-05-15,SW2021,851611.SI,851611.SI,,,801160.SI,公用事业,0,,ONE_TO_ONE,0,35,40,136,0.248227,0.875,0.257353,high_v8_coverage_single_parent
2026-05-15,SW2021,851612.SI,851612.SI,,,801160.SI,公用事业,0,,ONE_TO_ONE,0,21,22,136,0.153285,0.954545,0.154412,high_v8_coverage_single_parent
2026-05-15,SW2021,851614.SI,851614.SI,,,801160.SI,公用事业,0,,ONE_TO_ONE,0,22,29,136,0.153846,0.758621,0.161765,usable_parent_match
2026-05-15,SW2021,851616.SI,851616.SI,,,801160.SI,公用事业,0,,ONE_TO_ONE,0,14,16,136,0.101449,0.875,0.102941,high_v8_coverage_single_parent
2026-05-15,SW2021,851617.SI,851617.SI,,,801160.SI,公用事业,0,,ONE_TO_ONE,0,14,14,136,0.102941,1.0,0.102941,high_v8_coverage_single_parent
2026-05-15,SW2021,851631.SI,851631.SI,,,801160.SI,公用事业,0,,ONE_TO_ONE,0,30,34,136,0.214286,0.882353,0.220588,high_v8_coverage_single_parent
2026-05-15,SW2021,851711.SI,851711.SI,,,801170.SI,交通运输,0,,ONE_TO_ONE,0,19,21,144,0.130137,0.904762,0.131944,high_v8_coverage_single_parent
2026-05-15,SW2021,851721.SI,851721.SI,,,801170.SI,交通运输,0,,ONE_TO_ONE,0,28,37,144,0.183007,0.756757,0.194444,usable_parent_match
2026-05-15,SW2021,851731.SI,851731.SI,,,801170.SI,交通运输,0,,ONE_TO_ONE,0,28,36,144,0.184211,0.777778,0.194444,usable_parent_match
2026-05-15,SW2021,851741.SI,851741.SI,,,801170.SI,交通运输,0,,ONE_TO_ONE,0,10,10,144,0.069444,1.0,0.069444,high_v8_coverage_single_parent
2026-05-15,SW2021,851751.SI,851751.SI,,,801170.SI,交通运输,0,,ONE_TO_ONE,0,4,4,144,0.027778,1.0,0.027778,high_v8_coverage_single_parent
2026-05-15,SW2021,851761.SI,851761.SI,,,801170.SI,交通运输,0,,ONE_TO_ONE,0,19,23,144,0.128378,0.826087,0.131944,usable_parent_match
2026-05-15,SW2021,851771.SI,851771.SI,,,801170.SI,交通运输,0,,ONE_TO_ONE,0,8,10,144,0.054795,0.8,0.055556,usable_parent_match
2026-05-15,SW2021,851782.SI,851782.SI,,,801170.SI,交通运输,0,,ONE_TO_ONE,0,13,14,144,0.089655,0.928571,0.090278,high_v8_coverage_single_parent
2026-05-15,SW2021,851783.SI,851783.SI,,,801170.SI,交通运输,0,,ONE_TO_ONE,0,8,9,144,0.055172,0.888889,0.055556,high_v8_coverage_single_parent
2026-05-15,SW2021,851784.SI,851784.SI,,,801170.SI,交通运输,0,,ONE_TO_ONE,0,6,6,144,0.041667,1.0,0.041667,high_v8_coverage_single_parent
2026-05-15,SW2021,851785.SI,851785.SI,,,801170.SI,交通运输,0,,ONE_TO_ONE,0,11,11,144,0.076389,1.0,0.076389,high_v8_coverage_single_parent
2026-05-15,SW2021,851786.SI,851786.SI,,,801170.SI,交通运输,0,,ONE_TO_ONE,0,6,6,144,0.041667,1.0,0.041667,high_v8_coverage_single_parent
2026-05-15,SW2021,851787.SI,851787.SI,,,801170.SI,交通运输,0,,ONE_TO_ONE,0,7,8,144,0.048276,0.875,0.048611,high_v8_coverage_single_parent
2026-05-15,SW2021,851811.SI,851811.SI,,,801180.SI,房地产,0,,MANUAL_REVIEW,1,108,198,119,0.516746,0.545455,0.907563,borderline_overlap
2026-05-15,SW2021,851812.SI,851812.SI,,,801180.SI,房地产,0,,ONE_TO_ONE,0,11,11,119,0.092437,1.0,0.092437,high_v8_coverage_single_parent
2026-05-15,SW2021,851813.SI,851813.SI,,,801180.SI,房地产,0,,ONE_TO_ONE,0,10,12,119,0.082645,0.833333,0.084034,usable_parent_match
2026-05-15,SW2021,851831.SI,851831.SI,,,801180.SI,房地产,0,,ONE_TO_ONE,0,8,8,119,0.067227,1.0,0.067227,high_v8_coverage_single_parent
2026-05-15,SW2021,851922.SI,851922.SI,,,801790.SI,非银金融,0,,ONE_TO_ONE,0,13,13,95,0.136842,1.0,0.136842,high_v8_coverage_single_parent
2026-05-15,SW2021,851927.SI,851927.SI,,,801790.SI,非银金融,0,,ONE_TO_ONE,0,7,7,95,0.073684,1.0,0.073684,high_v8_coverage_single_parent
2026-05-15,SW2021,851931.SI,851931.SI,,,801790.SI,非银金融,0,,ONE_TO_ONE,0,53,57,95,0.535354,0.929825,0.557895,high_v8_coverage_single_parent
2026-05-15,SW2021,851941.SI,851941.SI,,,801790.SI,非银金融,0,,ONE_TO_ONE,0,7,7,95,0.073684,1.0,0.073684,high_v8_coverage_single_parent
2026-05-15,SW2021,852021.SI,852021.SI,,,801200.SI,商贸零售,0,,MANUAL_REVIEW,1,20,51,115,0.136986,0.392157,0.173913,low_overlap
2026-05-15,SW2021,852031.SI,852031.SI,,,801200.SI,商贸零售,0,,ONE_TO_ONE,0,29,37,115,0.235772,0.783784,0.252174,usable_parent_match
2026-05-15,SW2021,852032.SI,852032.SI,,,801200.SI,商贸零售,0,,ONE_TO_ONE,0,9,12,115,0.076271,0.75,0.078261,usable_parent_match
2026-05-15,SW2021,852033.SI,852033.SI,,,801200.SI,商贸零售,0,,ONE_TO_ONE,0,21,27,115,0.173554,0.777778,0.182609,usable_parent_match
2026-05-15,SW2021,852034.SI,852034.SI,,,801200.SI,商贸零售,0,,ONE_TO_ONE,0,15,15,115,0.130435,1.0,0.130435,high_v8_coverage_single_parent
2026-05-15,SW2021,852041.SI,852041.SI,,,801200.SI,商贸零售,0,,ONE_TO_ONE,0,11,16,115,0.091667,0.6875,0.095652,usable_parent_match
2026-05-15,SW2021,852062.SI,852062.SI,,,801200.SI,商贸零售,0,,ONE_TO_ONE,0,8,9,115,0.068966,0.888889,0.069565,high_v8_coverage_single_parent
2026-05-15,SW2021,852063.SI,852063.SI,,,801200.SI,商贸零售,0,,ONE_TO_ONE,0,9,10,115,0.077586,0.9,0.078261,high_v8_coverage_single_parent
2026-05-15,SW2021,852111.SI,852111.SI,,,801210.SI,社会服务,0,,ONE_TO_ONE,0,6,8,93,0.063158,0.75,0.064516,usable_parent_match
2026-05-15,SW2021,852112.SI,852112.SI,,,801210.SI,社会服务,0,,ONE_TO_ONE,0,14,14,93,0.150538,1.0,0.150538,high_v8_coverage_single_parent
2026-05-15,SW2021,852121.SI,852121.SI,,,801210.SI,社会服务,0,,MANUAL_REVIEW,1,10,18,93,0.09901,0.555556,0.107527,low_overlap
2026-05-15,SW2021,852131.SI,852131.SI,,,801210.SI,社会服务,0,,ONE_TO_ONE,0,16,23,93,0.16,0.695652,0.172043,usable_parent_match
2026-05-15,SW2021,852141.SI,852141.SI,,,801210.SI,社会服务,0,,ONE_TO_ONE,0,4,6,93,0.042105,0.666667,0.043011,usable_parent_match
2026-05-15,SW2021,852182.SI,852182.SI,,,801210.SI,社会服务,0,,ONE_TO_ONE,0,20,20,93,0.215054,1.0,0.215054,high_v8_coverage_single_parent
2026-05-15,SW2021,852183.SI,852183.SI,,,801210.SI,社会服务,0,,ONE_TO_ONE,0,4,5,93,0.042553,0.8,0.043011,usable_parent_match
2026-05-15,SW2021,852213.SI,852213.SI,,,801770.SI,通信,0,,ONE_TO_ONE,0,18,21,142,0.124138,0.857143,0.126761,high_v8_coverage_single_parent
2026-05-15,SW2021,852214.SI,852214.SI,,,801770.SI,通信,0,,ONE_TO_ONE,0,19,19,142,0.133803,1.0,0.133803,high_v8_coverage_single_parent
2026-05-15,SW2021,852226.SI,852226.SI,,,801750.SI,计算机,0,,ONE_TO_ONE,0,138,158,379,0.345865,0.873418,0.364116,high_v8_coverage_single_parent
2026-05-15,SW2021,852311.SI,852311.SI,,,801230.SI,综合,0,,MANUAL_REVIEW,1,27,168,35,0.153409,0.160714,0.771429,low_overlap
2026-05-15,SW2021,857111.SI,857111.SI,,,801710.SI,建筑材料,0,,ONE_TO_ONE,0,14,19,80,0.164706,0.736842,0.175,usable_parent_match
2026-05-15,SW2021,857112.SI,857112.SI,,,801710.SI,建筑材料,0,,ONE_TO_ONE,0,8,9,80,0.098765,0.888889,0.1,high_v8_coverage_single_parent
2026-05-15,SW2021,857121.SI,857121.SI,,,801710.SI,建筑材料,0,,ONE_TO_ONE,0,7,9,80,0.085366,0.777778,0.0875,usable_parent_match
2026-05-15,SW2021,857122.SI,857122.SI,,,801710.SI,建筑材料,0,,ONE_TO_ONE,0,9,9,80,0.1125,1.0,0.1125,high_v8_coverage_single_parent
2026-05-15,SW2021,857221.SI,857221.SI,,,801720.SI,建筑装饰,0,,ONE_TO_ONE,0,30,34,176,0.166667,0.882353,0.170455,high_v8_coverage_single_parent
2026-05-15,SW2021,857236.SI,857236.SI,,,801720.SI,建筑装饰,0,,ONE_TO_ONE,0,24,26,176,0.134831,0.923077,0.136364,high_v8_coverage_single_parent
2026-05-15,SW2021,857241.SI,857241.SI,,,801720.SI,建筑装饰,0,,ONE_TO_ONE,0,9,13,176,0.05,0.692308,0.051136,usable_parent_match
2026-05-15,SW2021,857242.SI,857242.SI,,,801720.SI,建筑装饰,0,,ONE_TO_ONE,0,10,12,176,0.05618,0.833333,0.056818,usable_parent_match
2026-05-15,SW2021,857243.SI,857243.SI,,,801720.SI,建筑装饰,0,,ONE_TO_ONE,0,5,5,176,0.028409,1.0,0.028409,high_v8_coverage_single_parent
2026-05-15,SW2021,857244.SI,857244.SI,,,801720.SI,建筑装饰,0,,ONE_TO_ONE,0,26,30,176,0.144444,0.866667,0.147727,high_v8_coverage_single_parent
2026-05-15,SW2021,857251.SI,857251.SI,,,801720.SI,建筑装饰,0,,ONE_TO_ONE,0,24,30,176,0.131868,0.8,0.136364,usable_parent_match
2026-05-15,SW2021,857261.SI,857261.SI,,,801720.SI,建筑装饰,0,,ONE_TO_ONE,0,41,43,176,0.230337,0.953488,0.232955,high_v8_coverage_single_parent
2026-05-15,SW2021,857321.SI,857321.SI,,,801730.SI,电力设备,0,,ONE_TO_ONE,0,28,33,421,0.065728,0.848485,0.066508,usable_parent_match
2026-05-15,SW2021,857323.SI,857323.SI,,,801730.SI,电力设备,0,,ONE_TO_ONE,0,14,20,421,0.032787,0.7,0.033254,usable_parent_match
2026-05-15,SW2021,857331.SI,857331.SI,,,801730.SI,电力设备,0,,ONE_TO_ONE,0,2,2,421,0.004751,1.0,0.004751,high_v8_coverage_single_parent
2026-05-15,SW2021,857334.SI,857334.SI,,,801970.SI,环保,0,,MANUAL_REVIEW,1,2,8,143,0.013423,0.25,0.013986,low_overlap
2026-05-15,SW2021,857336.SI,857336.SI,,,801730.SI,电力设备,0,,ONE_TO_ONE,0,28,31,421,0.066038,0.903226,0.066508,high_v8_coverage_single_parent
2026-05-15,SW2021,857344.SI,857344.SI,,,801730.SI,电力设备,0,,ONE_TO_ONE,0,39,48,421,0.090698,0.8125,0.092637,usable_parent_match
2026-05-15,SW2021,857352.SI,857352.SI,,,801730.SI,电力设备,0,,ONE_TO_ONE,0,22,23,421,0.052133,0.956522,0.052257,high_v8_coverage_single_parent
2026-05-15,SW2021,857354.SI,857354.SI,,,801730.SI,电力设备,0,,ONE_TO_ONE,0,20,21,421,0.047393,0.952381,0.047506,high_v8_coverage_single_parent
2026-05-15,SW2021,857355.SI,857355.SI,,,801730.SI,电力设备,0,,ONE_TO_ONE,0,11,12,421,0.026066,0.916667,0.026128,high_v8_coverage_single_parent
2026-05-15,SW2021,857362.SI,857362.SI,,,801730.SI,电力设备,0,,ONE_TO_ONE,0,24,27,421,0.056604,0.888889,0.057007,high_v8_coverage_single_parent
2026-05-15,SW2021,857371.SI,857371.SI,,,801730.SI,电力设备,0,,ONE_TO_ONE,0,27,28,421,0.063981,0.964286,0.064133,high_v8_coverage_single_parent
2026-05-15,SW2021,857372.SI,857372.SI,,,801730.SI,电力设备,0,,ONE_TO_ONE,0,43,43,421,0.102138,1.0,0.102138,high_v8_coverage_single_parent
2026-05-15,SW2021,857373.SI,857373.SI,,,801730.SI,电力设备,0,,ONE_TO_ONE,0,19,20,421,0.045024,0.95,0.045131,high_v8_coverage_single_parent
2026-05-15,SW2021,857375.SI,857375.SI,,,801730.SI,电力设备,0,,ONE_TO_ONE,0,10,10,421,0.023753,1.0,0.023753,high_v8_coverage_single_parent
2026-05-15,SW2021,857381.SI,857381.SI,,,801730.SI,电力设备,0,,ONE_TO_ONE,0,31,35,421,0.072941,0.885714,0.073634,high_v8_coverage_single_parent
2026-05-15,SW2021,857382.SI,857382.SI,,,801730.SI,电力设备,0,,ONE_TO_ONE,0,26,26,421,0.061758,1.0,0.061758,high_v8_coverage_single_parent
2026-05-15,SW2021,857411.SI,857411.SI,,,801740.SI,国防军工,0,,ONE_TO_ONE,0,21,23,149,0.139073,0.913043,0.14094,high_v8_coverage_single_parent
2026-05-15,SW2021,857421.SI,857421.SI,,,801740.SI,国防军工,0,,ONE_TO_ONE,0,53,57,149,0.346405,0.929825,0.355705,high_v8_coverage_single_parent
2026-05-15,SW2021,857431.SI,857431.SI,,,801740.SI,国防军工,0,,ONE_TO_ONE,0,20,20,149,0.134228,1.0,0.134228,high_v8_coverage_single_parent
2026-05-15,SW2021,857451.SI,857451.SI,,,801740.SI,国防军工,0,,ONE_TO_ONE,0,64,68,149,0.418301,0.941176,0.42953,high_v8_coverage_single_parent
2026-05-15,SW2021,857641.SI,857641.SI,,,801760.SI,传媒,0,,ONE_TO_ONE,0,34,41,156,0.208589,0.829268,0.217949,usable_parent_match
2026-05-15,SW2021,857651.SI,857651.SI,,,801760.SI,传媒,0,,ONE_TO_ONE,0,31,40,156,0.187879,0.775,0.198718,usable_parent_match
2026-05-15,SW2021,857661.SI,857661.SI,,,801760.SI,传媒,0,,ONE_TO_ONE,0,17,20,156,0.106918,0.85,0.108974,high_v8_coverage_single_parent
2026-05-15,SW2021,857674.SI,857674.SI,,,801760.SI,传媒,0,,ONE_TO_ONE,0,8,8,156,0.051282,1.0,0.051282,high_v8_coverage_single_parent
2026-05-15,SW2021,857691.SI,857691.SI,,,801760.SI,传媒,0,,ONE_TO_ONE,0,11,12,156,0.070064,0.916667,0.070513,high_v8_coverage_single_parent
2026-05-15,SW2021,857692.SI,857692.SI,,,801760.SI,传媒,0,,ONE_TO_ONE,0,19,19,156,0.121795,1.0,0.121795,high_v8_coverage_single_parent
2026-05-15,SW2021,857821.SI,857821.SI,,,801780.SI,银行,0,,ONE_TO_ONE,0,6,6,42,0.142857,1.0,0.142857,high_v8_coverage_single_parent
2026-05-15,SW2021,857831.SI,857831.SI,,,801780.SI,银行,0,,ONE_TO_ONE,0,9,9,42,0.214286,1.0,0.214286,high_v8_coverage_single_parent
2026-05-15,SW2021,857841.SI,857841.SI,,,801780.SI,银行,0,,ONE_TO_ONE,0,17,17,42,0.404762,1.0,0.404762,high_v8_coverage_single_parent
2026-05-15,SW2021,857851.SI,857851.SI,,,801780.SI,银行,0,,ONE_TO_ONE,0,10,10,42,0.238095,1.0,0.238095,high_v8_coverage_single_parent
2026-05-15,SW2021,858811.SI,858811.SI,,,801880.SI,汽车,0,,ONE_TO_ONE,0,12,16,325,0.036474,0.75,0.036923,usable_parent_match
2026-05-15,SW2021,858812.SI,858812.SI,,,801880.SI,汽车,0,,ONE_TO_ONE,0,9,9,325,0.027692,1.0,0.027692,high_v8_coverage_single_parent
2026-05-15,SW2021,859511.SI,859511.SI,,,801950.SI,煤炭,0,,ONE_TO_ONE,0,21,22,40,0.512195,0.954545,0.525,high_v8_coverage_single_parent
2026-05-15,SW2021,859512.SI,859512.SI,,,801950.SI,煤炭,0,,ONE_TO_ONE,0,12,12,40,0.3,1.0,0.3,high_v8_coverage_single_parent
2026-05-15,SW2021,859521.SI,859521.SI,,,801950.SI,煤炭,0,,ONE_TO_ONE,0,8,9,40,0.195122,0.888889,0.2,high_v8_coverage_single_parent
2026-05-15,SW2021,859621.SI,859621.SI,,,801960.SI,石油石化,0,,ONE_TO_ONE,0,7,7,51,0.137255,1.0,0.137255,high_v8_coverage_single_parent
2026-05-15,SW2021,859622.SI,859622.SI,,,801960.SI,石油石化,0,,ONE_TO_ONE,0,6,7,51,0.115385,0.857143,0.117647,high_v8_coverage_single_parent
2026-05-15,SW2021,859631.SI,859631.SI,,,801960.SI,石油石化,0,,ONE_TO_ONE,0,10,10,51,0.196078,1.0,0.196078,high_v8_coverage_single_parent
2026-05-15,SW2021,859632.SI,859632.SI,,,801960.SI,石油石化,0,,ONE_TO_ONE,0,7,8,51,0.134615,0.875,0.137255,high_v8_coverage_single_parent
2026-05-15,SW2021,859633.SI,859633.SI,,,801960.SI,石油石化,0,,ONE_TO_ONE,0,14,16,51,0.264151,0.875,0.27451,high_v8_coverage_single_parent
2026-05-15,SW2021,859711.SI,859711.SI,,,801970.SI,环保,0,,ONE_TO_ONE,0,8,9,143,0.055556,0.888889,0.055944,high_v8_coverage_single_parent
2026-05-15,SW2021,859712.SI,859712.SI,,,801970.SI,环保,0,,ONE_TO_ONE,0,53,56,143,0.363014,0.946429,0.370629,high_v8_coverage_single_parent
2026-05-15,SW2021,859713.SI,859713.SI,,,801970.SI,环保,0,,ONE_TO_ONE,0,38,38,143,0.265734,1.0,0.265734,high_v8_coverage_single_parent
2026-05-15,SW2021,859714.SI,859714.SI,,,801970.SI,环保,0,,ONE_TO_ONE,0,18,19,143,0.125,0.947368,0.125874,high_v8_coverage_single_parent
2026-05-15,SW2021,859721.SI,859721.SI,,,801970.SI,环保,0,,ONE_TO_ONE,0,30,32,143,0.206897,0.9375,0.20979,high_v8_coverage_single_parent
2026-05-15,SW2021,859811.SI,859811.SI,,,801980.SI,美容护理,0,,ONE_TO_ONE,0,8,9,31,0.25,0.888889,0.258065,high_v8_coverage_single_parent
2026-05-15,SW2021,859821.SI,859821.SI,,,801980.SI,美容护理,0,,ONE_TO_ONE,0,6,7,31,0.1875,0.857143,0.193548,high_v8_coverage_single_parent
2026-05-15,SW2021,859822.SI,859822.SI,,,801980.SI,美容护理,0,,ONE_TO_ONE,0,8,8,31,0.258065,1.0,0.258065,high_v8_coverage_single_parent
2026-05-15,SW2021,859852.SI,859852.SI,,,801210.SI,社会服务,0,,ONE_TO_ONE,0,14,15,93,0.148936,0.933333,0.150538,high_v8_coverage_single_parent
2026-05-15,SW2021,859951.SI,859951.SI,,,801760.SI,传媒,0,,ONE_TO_ONE,0,14,14,156,0.089744,1.0,0.089744,high_v8_coverage_single_parent
